Episode,split,ood_score,n_ood_dims
0,near_ood,0.14082266666666665,1
1,near_ood,0.23193204285714264,4
2,near_ood,0.17154633333333347,2
3,iid_val,0.0,0
4,near_ood,0.18433506122449006,2
5,train,0.0,0
6,near_ood,0.23996985034013613,3
7,near_ood,0.09896671428571446,2
8,near_ood,0.18399416666666668,2
9,near_ood,0.017379499999999992,1
10,iid_val,0.0,0
11,near_ood,0.14044477551020396,2
12,near_ood,0.1442255714285713,1
13,near_ood,0.11667820000000004,1
14,near_ood,0.09760000680272107,2
15,near_ood,0.08500833333333335,1
16,near_ood,0.19642095238095236,2
17,near_ood,0.26248933333333313,2
18,near_ood,0.2159336088435373,3
19,near_ood,0.13951415986394566,3
20,near_ood,0.18621779591836735,2
21,train,0.0,0
22,near_ood,0.1713826217687074,3
23,near_ood,0.2746075510204081,2
24,near_ood,0.07358557142857136,1
25,near_ood,0.20276709523809522,2
26,near_ood,0.053852380952380985,2
27,near_ood,0.11698870000000003,2
28,near_ood,0.021726866666666733,2
29,near_ood,0.08636733333333335,1
30,near_ood,0.48751553809523795,4
31,near_ood,0.16478133333333322,1
32,near_ood,0.07610933333333336,1
33,near_ood,0.05755857142857146,1
34,near_ood,0.15385914285714286,1
35,train,0.0,0
36,train,0.0,0
37,near_ood,0.17830076190476185,2
38,near_ood,0.3036759115646258,4
39,near_ood,0.07369600000000004,1
40,near_ood,0.03294333333333338,1
41,near_ood,0.11390950000000002,1
42,train,0.0,0
43,near_ood,0.371953919047619,3
44,near_ood,0.006209387755101992,1
45,train,0.0,0
46,near_ood,0.0040640000000000676,1
47,iid_val,0.0,0
48,near_ood,0.14630375510204086,2
49,near_ood,0.21280349251700686,3
50,near_ood,0.15497299999999992,1
51,train,0.0,0
52,near_ood,0.20210596122448982,4
53,near_ood,0.09045529999999999,1
54,near_ood,0.02350448979591835,1
55,near_ood,0.19259535918367346,2
56,near_ood,0.19974316666666653,2
57,train,0.0,0
58,near_ood,0.21978373333333331,2
59,near_ood,0.026604503401360557,2
60,train,0.0,0
61,near_ood,0.32323250000000003,2
62,near_ood,0.1917941666666667,2
63,near_ood,0.3064846904761905,3
64,near_ood,0.24478699999999992,2
65,train,0.0,0
66,near_ood,0.3367422176870747,4
67,train,0.0,0
68,near_ood,0.0038410204081633648,1
69,near_ood,0.11851410000000001,1
70,near_ood,0.04558916666666668,2
71,near_ood,0.06887287142857139,2
72,near_ood,0.13338550000000002,1
73,near_ood,0.13874799999999998,1
74,near_ood,0.1580862857142858,2
75,train,0.0,0
76,near_ood,0.08664759999999999,1
77,near_ood,0.40793140136054423,4
78,near_ood,0.13458200000000003,1
79,train,0.0,0
80,near_ood,0.40505336190476204,3
81,near_ood,0.006516666666666615,1
82,near_ood,0.30797369387755125,3
83,train,0.0,0
84,near_ood,0.18016339115646263,3
85,near_ood,0.15621816326530613,1
86,near_ood,0.16893233333333335,2
87,near_ood,0.2984143163265306,3
88,near_ood,0.11110510204081636,1
89,near_ood,0.07557900000000006,1
90,train,0.0,0
91,train,0.0,0
92,near_ood,0.07976533333333347,1
93,near_ood,0.11451224489795919,1
94,near_ood,0.11774249999999997,1
95,near_ood,0.19123761428571429,2
96,train,0.0,0
97,near_ood,0.2960768027210885,2
98,near_ood,0.2730618115646257,3
99,train,0.0,0
100,near_ood,0.16156157142857142,1
101,near_ood,0.13612533333333332,1
102,near_ood,0.10190489795918378,1
103,near_ood,0.22931282653061236,3
104,near_ood,0.2866304523809524,3
105,near_ood,0.13750510000000016,2
106,near_ood,0.3381092952380952,3
107,near_ood,0.16853133333333337,1
108,near_ood,0.17828958571428563,2
109,near_ood,0.2348030238095239,2
110,near_ood,0.25960457142857124,2
111,near_ood,0.16445859999999998,1
112,near_ood,0.2560798333333333,2
113,near_ood,0.12641661224489786,2
114,near_ood,0.23536976666666648,3
115,near_ood,0.09605842857142843,1
116,near_ood,0.26247731904761906,3
117,near_ood,0.299987887755102,4
118,near_ood,0.2048737346938776,2
119,near_ood,0.14819163333333346,2
120,near_ood,0.23830661904761907,2
121,near_ood,0.19245368367346938,3
122,near_ood,0.12658642857142866,1
123,train,0.0,0
124,near_ood,0.11944666666666659,1
125,near_ood,0.16370273809523816,2
126,near_ood,0.1802388401360545,3
127,near_ood,0.18204510204081636,2
128,near_ood,0.11036800000000002,1
129,near_ood,0.1626521904761905,2
130,near_ood,0.28063885714285713,2
131,near_ood,0.16124010000000003,1
132,near_ood,0.15980614285714267,1
133,near_ood,0.25547674285714284,3
134,near_ood,0.2937130476190477,2
135,near_ood,0.11010045714285704,2
136,near_ood,0.08330171428571431,1
137,near_ood,0.27162441496598644,3
138,near_ood,0.1345411428571428,1
139,near_ood,0.16823484693877544,2
140,near_ood,0.11144248979591825,2
141,near_ood,0.12181514285714279,1
142,near_ood,0.09941049999999985,1
143,near_ood,0.12445933333333331,1
144,train,0.0,0
145,near_ood,0.07663458503401366,2
146,near_ood,0.13149937414965984,2
147,near_ood,0.3300890000000001,3
148,near_ood,0.04164219999999998,1
149,near_ood,0.03380233333333338,1
150,near_ood,0.1950818095238095,2
151,near_ood,0.20905666666666667,2
152,near_ood,0.17065192244897956,3
153,near_ood,0.16103185714285706,1
154,near_ood,0.21072867755102037,3
155,near_ood,0.2124094863945579,3
156,near_ood,0.1284114999999999,2
157,near_ood,0.0010688000000000364,1
158,train,0.0,0
159,near_ood,0.17907453061224488,2
160,near_ood,0.272704380952381,3
161,near_ood,0.01997266666666664,1
162,near_ood,0.3643356857142858,4
163,train,0.0,0
164,near_ood,0.4315987673469389,3
165,near_ood,0.2983536768707482,3
166,near_ood,0.07888299999999981,1
167,near_ood,0.14610033333333333,2
168,near_ood,0.15731783333333327,2
169,near_ood,0.17175898979591842,2
170,near_ood,0.10220430000000003,1
171,near_ood,0.14284442857142854,2
172,near_ood,0.13836471428571429,1
173,near_ood,0.31024010884353737,2
174,near_ood,0.018030000000000046,1
175,near_ood,0.1402715714285715,1
176,near_ood,0.12188739999999998,1
177,near_ood,0.010949387755102014,1
178,near_ood,0.42479123877551017,4
179,near_ood,0.3558965285714286,3
180,near_ood,0.09228943333333323,2
181,near_ood,0.14740293333333326,2
182,near_ood,0.04878866666666681,1
183,near_ood,0.09866142857142868,1
184,near_ood,0.10997647959183676,2
185,near_ood,0.07635599999999998,1
186,near_ood,0.1605899999999999,1
187,train,0.0,0
188,near_ood,0.2232693034013605,3
189,near_ood,0.13074727619047607,3
190,near_ood,0.12656566666666658,1
191,near_ood,0.33502756462585026,4
192,near_ood,0.19908979523809517,3
193,near_ood,0.13891816326530626,1
194,near_ood,0.12101270000000008,2
195,near_ood,0.15516480000000005,1
196,near_ood,0.3211421836734694,3
197,near_ood,0.08629836734693874,1
198,near_ood,0.09973837755102044,2
199,near_ood,0.2748107414965989,4
200,near_ood,0.08889866666666668,1
201,near_ood,0.14992783333333326,2
202,near_ood,0.17607093333333335,2
203,near_ood,0.10936471428571426,1
204,near_ood,0.4872055544217687,4
205,near_ood,0.29701392040816343,2
206,near_ood,0.05087656666666679,2
207,near_ood,0.16390359999999998,1
208,iid_val,0.0,0
209,near_ood,0.17470447619047624,2
210,near_ood,0.13349066666666665,2
211,train,0.0,0
212,near_ood,0.22369307482993184,2
213,near_ood,0.17574529931972793,3
214,near_ood,0.21574813605442178,2
215,near_ood,0.2606047918367347,2
216,train,0.0,0
217,train,0.0,0
218,train,0.0,0
219,train,0.0,0
220,near_ood,0.1545431850340137,3
221,near_ood,0.15274614285714283,1
222,near_ood,0.38683166326530616,3
223,near_ood,0.20863530612244885,2
224,near_ood,0.14071612244897957,1
225,near_ood,0.23506428979591837,2
226,near_ood,0.09894733333333333,1
227,near_ood,0.2644656326530612,2
228,train,0.0,0
229,near_ood,0.06973616666666682,2
230,iid_val,0.0,0
231,near_ood,0.2541226530612246,3
232,near_ood,0.26609348299319735,2
233,near_ood,0.24027533333333342,2
234,near_ood,0.06695933333333337,1
235,near_ood,0.3812325612244899,3
236,near_ood,0.1585498333333334,2
237,near_ood,0.1423973,1
238,near_ood,0.11926787142857131,2
239,near_ood,0.2131012244897958,2
240,train,0.0,0
241,near_ood,0.13648130612244885,2
242,near_ood,0.17192762517006804,3
243,near_ood,0.06152271428571432,1
244,near_ood,0.3786074285714285,4
245,near_ood,0.028536600000000023,1
246,near_ood,0.23255449931972785,3
247,train,0.0,0
248,near_ood,0.16719571428571434,1
249,near_ood,0.08795283333333337,1
250,near_ood,0.15561743333333336,2
251,near_ood,0.09907571428571427,2
252,train,0.0,0
253,near_ood,0.26940506462585034,3
254,near_ood,0.24004799999999993,3
255,near_ood,0.383331095238095,3
256,train,0.0,0
257,near_ood,0.3975747190476189,3
258,near_ood,0.08590020408163268,1
259,near_ood,0.1700093877551021,2
260,near_ood,0.08347698979591833,2
261,near_ood,0.19858477551020404,2
262,near_ood,0.029099690476190432,2
263,near_ood,0.1321026666666667,1
264,near_ood,0.20675050952380955,3
265,near_ood,0.3792336326530611,4
266,near_ood,0.08665938775510201,2
267,near_ood,0.2517532591836733,3
268,near_ood,0.29313826122448966,3
269,near_ood,0.08306990000000009,3
270,near_ood,0.020874833333333287,1
271,near_ood,0.08453802721088433,2
272,near_ood,0.1396583265306121,2
273,train,0.0,0
274,near_ood,0.15367199999999992,1
275,near_ood,0.2723044836734694,3
276,near_ood,0.09208600000000011,1
277,near_ood,0.35482841972789114,4
278,near_ood,0.07182790476190459,2
279,near_ood,0.34805665986394585,3
280,near_ood,0.11886897959183673,1
281,near_ood,0.27291595578231265,3
282,near_ood,0.29493519047619055,3
283,near_ood,0.25247389115646257,3
284,near_ood,0.139473,1
285,near_ood,0.22181817755102054,2
286,near_ood,0.07547850000000006,1
287,near_ood,0.18423900000000004,2
288,near_ood,0.1858518877551022,3
289,near_ood,0.14863891428571424,2
290,near_ood,0.06972,1
291,near_ood,0.07914061904761915,2
292,near_ood,0.24631547619047617,2
293,near_ood,0.3077039999999999,3
294,near_ood,0.11838800000000005,1
295,near_ood,0.22466429999999987,2
296,near_ood,0.05404266666666657,1
297,near_ood,0.11276854421768723,2
298,near_ood,0.23795245578231283,3
299,near_ood,0.13681039999999997,1
300,near_ood,0.4723458809523807,4
301,train,0.0,0
302,near_ood,0.11844338979591842,3
303,train,0.0,0
304,near_ood,0.1981098326530612,2
305,near_ood,0.043442099999999984,1
306,near_ood,0.35693638775510217,4
307,near_ood,0.0513798333333334,1
308,near_ood,0.15598482857142848,2
309,near_ood,0.12500427959183674,2
310,train,0.0,0
311,near_ood,0.15597293333333342,2
312,near_ood,0.13526516666666666,1
313,near_ood,0.29589224081632653,2
314,near_ood,0.08675653061224498,1
315,near_ood,0.2117336428571428,2
316,near_ood,0.10299439999999999,1
317,near_ood,0.22766860068027195,4
318,near_ood,0.16933149659863955,3
319,near_ood,0.2421999455782312,3
320,near_ood,0.15968483333333328,1
321,train,0.0,0
322,near_ood,0.0777190000000001,1
323,near_ood,0.02582811564625842,2
324,near_ood,0.1505331428571428,1
325,near_ood,0.22765523333333326,2
326,train,0.0,0
327,near_ood,0.2354644897959185,2
328,iid_val,0.0,0
329,near_ood,0.0867986319727892,3
330,near_ood,0.07157322448979597,2
331,near_ood,0.1925809047619047,2
332,near_ood,0.11325959183673473,2
333,near_ood,0.391122299319728,4
334,near_ood,0.13170949999999998,2
335,near_ood,0.18206168571428558,2
336,near_ood,0.06625120000000001,1
337,near_ood,0.24217461428571427,2
338,near_ood,0.3177744,3
339,near_ood,0.25117313333333335,3
340,near_ood,0.22075425714285715,2
341,near_ood,0.14070416666666657,2
342,near_ood,0.20902744285714278,2
343,near_ood,0.17349643673469395,2
344,near_ood,0.039361369387755064,2
345,near_ood,0.07785350000000002,2
346,near_ood,0.08928228571428565,1
347,near_ood,0.3522864952380952,3
348,near_ood,0.19104260476190477,3
349,near_ood,0.010392857142857093,1
350,near_ood,0.23244043333333334,2
351,near_ood,0.10942812244897954,3
352,near_ood,0.052360204081632666,1
353,near_ood,0.22582158503401373,2
354,near_ood,0.34880944217687054,3
355,near_ood,0.033445306122449,1
356,near_ood,0.21247253333333338,2
357,near_ood,0.0939797,1
358,near_ood,0.003813571428571416,1
359,iid_val,0.0,0
360,near_ood,0.057472100000000026,1
361,near_ood,0.25289220476190505,4
362,near_ood,0.16071343333333338,2
363,iid_val,0.0,0
364,near_ood,0.2653475571428572,2
365,near_ood,0.07862933333333333,2
366,near_ood,0.3494651292517007,3
367,near_ood,0.010514081632653105,1
368,near_ood,0.011889183673469361,1
369,near_ood,0.11253666666666662,1
370,train,0.0,0
371,train,0.0,0
372,near_ood,0.15101459183673466,2
373,near_ood,0.12031242993197289,2
374,near_ood,0.2548242176870748,2
375,near_ood,0.14129096598639462,2
376,near_ood,0.125456,1
377,near_ood,0.07105833333333322,1
378,near_ood,0.20817918571428567,3
379,near_ood,0.211913175510204,4
380,near_ood,0.1263861428571429,1
381,near_ood,0.00088733333333324,1
382,near_ood,0.2937951040816327,3
383,near_ood,0.1742608979591836,2
384,near_ood,0.16142171428571417,2
385,near_ood,0.3351140442176873,4
386,near_ood,0.04238857142857133,1
387,near_ood,0.20927923809523818,2
388,near_ood,0.12751093333333335,2
389,near_ood,0.042915657142857055,2
390,train,0.0,0
391,near_ood,0.3348148632653061,4
392,near_ood,0.04325442857142847,1
393,near_ood,0.1870230435374149,3
394,iid_val,0.0,0
395,near_ood,0.11371714285714285,1
396,near_ood,0.14088866666666672,1
397,near_ood,0.13392528571428575,1
398,near_ood,0.2675087142857143,2
399,near_ood,0.21467215238095255,3
400,near_ood,0.16489157142857136,1
401,near_ood,0.2348571224489796,2
402,near_ood,0.12357435714285703,2
403,near_ood,0.17325983333333328,2
404,near_ood,0.03544809999999998,1
405,iid_val,0.0,0
406,near_ood,0.2321498571428573,2
407,near_ood,0.19464319727891155,3
408,near_ood,0.26592493877551027,2
409,train,0.0,0
410,near_ood,0.0024768000000000012,1
411,near_ood,0.16482288095238096,3
412,iid_val,0.0,0
413,near_ood,0.1966112163265306,2
414,near_ood,0.44440383537414974,4
415,near_ood,0.16277693877551025,1
416,near_ood,0.03466783333333334,1
417,near_ood,0.11896799999999996,1
418,near_ood,0.2689477619047618,3
419,near_ood,0.041293877551020375,1
420,near_ood,0.07892833333333327,1
421,train,0.0,0
422,near_ood,0.06439683333333335,2
423,iid_val,0.0,0
424,near_ood,0.23239157142857148,2
425,near_ood,0.15587985714285701,1
426,near_ood,0.16170147619047603,2
427,near_ood,0.05855866666666676,1
428,near_ood,0.07864357142857148,1
429,near_ood,0.10560599999999998,1
430,near_ood,0.19488177687074837,3
431,train,0.0,0
432,near_ood,0.1970715,2
433,near_ood,0.2246301666666668,2
434,near_ood,0.12157539999999996,1
435,near_ood,0.3007248333333332,3
436,near_ood,0.22920401428571427,2
437,near_ood,0.23881365306122448,3
438,near_ood,0.1373886666666666,1
439,near_ood,0.13756471428571426,2
440,near_ood,0.012368500000000004,1
441,near_ood,0.07112210000000002,1
442,near_ood,0.1582161904761904,2
443,near_ood,0.3399168299319727,3
444,near_ood,0.2707367857142855,3
445,near_ood,0.07706385714285713,1
446,near_ood,0.016637999999999986,1
447,near_ood,0.11593251020408177,3
448,near_ood,0.27060757482993203,3
449,train,0.0,0
450,near_ood,0.18537749999999997,2
451,near_ood,0.09375628571428563,1
452,near_ood,0.15145931428571413,3
453,near_ood,0.03306489795918377,1
454,near_ood,0.2470520000000001,2
455,near_ood,0.17064959999999996,2
456,near_ood,0.030195306122448917,1
457,near_ood,0.22487933333333332,2
458,near_ood,0.0831141428571428,1
459,near_ood,0.30241271428571426,3
460,iid_val,0.0,0
461,near_ood,0.36232520476190466,4
462,near_ood,0.244018306122449,2
463,near_ood,0.06642753333333343,2
464,near_ood,0.204715492517007,3
465,near_ood,0.15807933333333335,2
466,near_ood,0.0807591666666666,1
467,near_ood,0.36311844761904766,4
468,near_ood,0.1878145714285715,2
469,near_ood,0.08450169999999999,2
470,near_ood,0.10034999999999994,1
471,near_ood,0.17399319999999996,2
472,near_ood,0.1582724,1
473,train,0.0,0
474,near_ood,0.006604666666666648,1
475,train,0.0,0
476,near_ood,0.21902033333333348,2
477,near_ood,0.25515763333333324,3
478,near_ood,0.33567331972789116,3
479,near_ood,0.10143768707482981,2
480,iid_val,0.0,0
481,near_ood,0.15020591836734698,1
482,near_ood,0.3943849999999999,3
483,near_ood,0.19901096666666662,3
484,near_ood,0.020239399999999998,1
485,train,0.0,0
486,near_ood,0.288775242857143,4
487,train,0.0,0
488,near_ood,0.16897600000000002,1
489,near_ood,0.15031983333333332,2
490,near_ood,0.1066583333333333,1
491,near_ood,0.15994242857142849,1
492,near_ood,0.11143799999999997,1
493,near_ood,0.17629292857142853,2
494,near_ood,0.052251666666666696,1
495,near_ood,0.3125249455782314,2
496,near_ood,0.09624816666666669,1
497,near_ood,0.12709121428571424,2
498,near_ood,0.24007738095238074,2
499,near_ood,0.0829698333333333,1
500,near_ood,0.0971751428571428,2
501,near_ood,0.034870999999999874,1
502,near_ood,0.27476578571428556,2
503,near_ood,0.114069857142857,1
504,near_ood,0.1404122904761904,3
505,near_ood,0.18831522448979582,2
506,near_ood,0.20446182312925182,2
507,near_ood,0.34336127891156465,3
508,near_ood,0.06272433333333338,1
509,near_ood,0.1811573857142858,2
510,near_ood,0.08441606122448975,2
511,near_ood,0.14838387755102034,1
512,near_ood,0.2513161394557823,3
513,near_ood,0.3671861244897958,4
514,near_ood,0.20914920952380953,3
515,near_ood,0.17073923809523817,2
516,near_ood,0.12967571428571423,1
517,near_ood,0.2755063632653062,2
518,near_ood,0.2713977136054422,3
519,near_ood,0.1459889795918367,1
520,near_ood,0.25840671428571427,2
521,near_ood,0.10633585714285698,1
522,near_ood,0.3267097571428572,2
523,near_ood,0.11471866666666664,2
524,near_ood,0.0021244000000000263,1
525,near_ood,0.11498695918367341,2
526,near_ood,0.028562566666666622,2
527,iid_val,0.0,0
528,near_ood,0.29701606122448987,2
529,near_ood,0.12818072108843548,2
530,train,0.0,0
531,near_ood,0.14632342857142866,2
532,train,0.0,0
533,near_ood,0.28282882857142855,2
534,near_ood,0.26855677551020407,2
535,near_ood,0.1523268333333333,1
536,near_ood,0.15878433333333325,2
537,near_ood,0.12080125306122444,2
538,near_ood,0.31657608503401347,2
539,near_ood,0.03652899999999992,2
540,near_ood,0.0020201000000000134,1
541,near_ood,0.1863731666666667,2
542,train,0.0,0
543,train,0.0,0
544,near_ood,0.23937333333333327,2
545,near_ood,0.15715785714285713,1
546,near_ood,0.15432771428571423,1
547,near_ood,0.3084416904761904,3
548,near_ood,0.14897816666666663,1
549,near_ood,0.22065619047619056,2
550,near_ood,0.03768020408163275,1
551,near_ood,0.21333106666666674,2
552,train,0.0,0
553,near_ood,0.1225475510204081,1
554,near_ood,0.04301916666666661,1
555,near_ood,0.15899849999999993,2
556,near_ood,0.20814734081632663,3
557,train,0.0,0
558,train,0.0,0
559,iid_val,0.0,0
560,near_ood,0.21064673809523804,2
561,near_ood,0.03591600000000006,1
562,train,0.0,0
563,near_ood,0.08586799999999983,2
564,train,0.0,0
565,near_ood,0.2769598333333333,2
566,near_ood,0.09017925170068017,3
567,near_ood,0.2544266476190476,3
568,near_ood,0.2561699047619047,2
569,near_ood,0.16472599999999993,1
570,near_ood,0.10626919047619043,3
571,train,0.0,0
572,near_ood,0.11939833333333327,2
573,train,0.0,0
574,near_ood,0.21767223333333313,3
575,iid_val,0.0,0
576,near_ood,0.02288066666666666,1
577,near_ood,0.16853247142857147,2
578,near_ood,0.36254373333333323,4
579,near_ood,0.24890763333333346,3
580,train,0.0,0
581,near_ood,0.14278474081632653,3
582,near_ood,0.1357355102040816,1
583,near_ood,0.1604898333333334,2
584,train,0.0,0
585,near_ood,0.230733850340136,2
586,near_ood,0.008253265306122415,1
587,near_ood,0.0017171428571428615,1
588,near_ood,0.11512336734693884,2
589,iid_val,0.0,0
590,near_ood,0.15309020408163265,1
591,near_ood,0.17723090816326514,3
592,near_ood,0.21793702857142863,2
593,near_ood,0.20511701428571444,3
594,near_ood,0.21660175306122448,2
595,near_ood,0.03435110000000004,1
596,near_ood,0.05100083333333327,1
597,near_ood,0.145382,1
598,near_ood,0.06928166666666669,1
599,near_ood,0.47561647755102043,4
600,train,0.0,0
601,near_ood,0.1646996904761906,2
602,near_ood,0.03788632653061219,1
603,near_ood,0.2678687,2
604,near_ood,0.31385530204081624,3
605,near_ood,0.14157285714285717,1
606,near_ood,0.14632228571428563,1
607,train,0.0,0
608,near_ood,0.16904393197278916,3
609,near_ood,0.31682021428571416,3
610,near_ood,0.14944616666666666,2
611,iid_val,0.0,0
612,near_ood,0.07992110000000002,1
613,near_ood,0.026939333333333426,1
614,train,0.0,0
615,train,0.0,0
616,near_ood,0.2056163333333333,2
617,near_ood,0.27372610204081627,3
618,iid_val,0.0,0
619,near_ood,0.028352666666666693,1
620,near_ood,0.14856020408163273,1
621,near_ood,0.3659044836734693,3
622,near_ood,0.07672786530612241,2
623,train,0.0,0
624,train,0.0,0
625,near_ood,0.1176647,1
626,train,0.0,0
627,near_ood,2.8100000000019775e-05,1
628,near_ood,0.06426543333333334,2
629,train,0.0,0
630,near_ood,0.04850416666666679,2
631,near_ood,0.09967364285714286,3
632,near_ood,0.1793702333333334,2
633,near_ood,0.0021771428571427665,1
634,near_ood,0.24243350000000008,2
635,train,0.0,0
636,near_ood,0.09421216666666654,1
637,near_ood,0.28592552380952396,2
638,near_ood,0.25272511904761896,3
639,near_ood,0.35170242857142864,3
640,near_ood,0.252593880952381,2
641,near_ood,0.027934000000000125,1
642,near_ood,0.08383685714285698,2
643,near_ood,0.1054048095238096,2
644,near_ood,0.09477463061224489,3
645,near_ood,0.12787990000000002,1
646,near_ood,0.1809337380952381,3
647,near_ood,0.046565999999999996,1
648,near_ood,0.15950333333333344,1
649,near_ood,0.17187433333333335,2
650,near_ood,0.2802586000000001,2
651,near_ood,0.16144660000000005,1
652,near_ood,0.0004218367346939811,1
653,near_ood,0.24700297278911554,2
654,near_ood,0.06884759455782308,3
655,near_ood,0.27253919047619046,2
656,near_ood,0.2784858857142858,3
657,near_ood,0.15123549999999997,1
658,near_ood,0.17935619047619067,3
659,train,0.0,0
660,near_ood,0.14708702040816324,2
661,near_ood,0.12679016666666665,2
662,near_ood,0.0897556326530613,2
663,train,0.0,0
664,train,0.0,0
665,near_ood,0.21976613469387749,2
666,near_ood,0.31198476666666675,3
667,near_ood,0.19022344897959198,2
668,near_ood,0.27521607142857146,2
669,near_ood,0.041415000000000035,1
670,train,0.0,0
671,iid_val,0.0,0
672,near_ood,0.09633266666666668,1
673,train,0.0,0
674,near_ood,0.10911889999999999,1
675,near_ood,0.08778266666666668,1
676,near_ood,0.2109470612244897,3
677,near_ood,0.0123253333333333,1
678,near_ood,0.0828804081632653,1
679,near_ood,0.1951044999999999,2
680,near_ood,0.24659667142857145,2
681,train,0.0,0
682,near_ood,0.06165530612244907,1
683,near_ood,0.15493890000000005,2
684,near_ood,0.15594033333333346,2
685,near_ood,0.23895887142857122,4
686,near_ood,0.1117138095238096,2
687,near_ood,0.30687492108843534,3
688,near_ood,0.23357020408163265,3
689,near_ood,0.09170519795918368,2
690,train,0.0,0
691,near_ood,0.11574838095238082,3
692,near_ood,0.14027971428571417,2
693,near_ood,0.1286518333333333,2
694,near_ood,0.09248599999999996,1
695,near_ood,0.11284591836734703,2
696,near_ood,0.33333088095238095,3
697,near_ood,0.4004913809523809,4
698,near_ood,0.19648803333333328,2
699,near_ood,0.12461643673469384,3
700,near_ood,0.005624285714285748,1
701,iid_val,0.0,0
702,near_ood,0.08754485714285698,1
703,iid_val,0.0,0
704,near_ood,0.16201600000000005,1
705,near_ood,0.12448469387755101,1
706,near_ood,0.4325037972789116,4
707,near_ood,0.2883743333333333,2
708,near_ood,0.13263133333333338,1
709,near_ood,0.11228004081632642,2
710,train,0.0,0
711,near_ood,0.06446883333333331,1
712,near_ood,0.1766369829931973,2
713,near_ood,0.25509235374149664,2
714,near_ood,0.14572666666666667,2
715,near_ood,0.20564133333333323,2
716,near_ood,0.2650696421768708,3
717,near_ood,0.1358465306122449,1
718,near_ood,0.18842631836734697,2
719,train,0.0,0
720,near_ood,0.21539512448979603,2
721,near_ood,0.22890263265306116,2
722,near_ood,0.0882642857142858,1
723,near_ood,0.15810604761904767,2
724,near_ood,0.05920000000000003,1
725,near_ood,0.2783843299319727,4
726,near_ood,0.05698066666666668,1
727,near_ood,0.25543480000000013,3
728,near_ood,0.25766947142857144,2
729,train,0.0,0
730,near_ood,0.16088722040816328,2
731,near_ood,0.15718685714285718,1
732,near_ood,0.18809049999999988,2
733,near_ood,0.10567420000000002,1
734,near_ood,0.014667346938775472,1
735,near_ood,0.09593966666666676,2
736,near_ood,0.15528244897959181,1
737,near_ood,0.07147660000000006,1
738,near_ood,0.3560693448979593,3
739,near_ood,0.2287119795918368,4
740,near_ood,0.05204775510204085,1
741,near_ood,0.16746518367346952,2
742,near_ood,0.2433948448979592,2
743,train,0.0,0
744,near_ood,0.16209979591836732,1
745,near_ood,0.0675229047619047,2
746,near_ood,0.12639842857142847,1
747,near_ood,0.06288750000000004,1
748,near_ood,0.09206333333333327,1
749,near_ood,0.26797395238095223,3
750,train,0.0,0
751,near_ood,0.2856430238095238,3
752,near_ood,0.09662342857142858,1
753,near_ood,0.22881391224489805,3
754,near_ood,0.03545599999999999,1
755,near_ood,0.3363005897959182,4
756,near_ood,0.12535845714285704,2
757,near_ood,0.21570516666666661,2
758,near_ood,0.13117917006802715,2
759,near_ood,0.2798022238095238,3
760,iid_val,0.0,0
761,near_ood,0.11354890476190471,2
762,near_ood,0.2503879714285715,3
763,train,0.0,0
764,near_ood,0.04696583333333326,1
765,near_ood,0.13496893333333343,2
766,near_ood,0.24162495238095227,2
767,near_ood,0.07893610000000004,1
768,near_ood,0.14544939455782302,3
769,near_ood,0.0728667,1
770,near_ood,0.1699766469387756,3
771,near_ood,0.121475,1
772,near_ood,0.0770542625850339,4
773,near_ood,0.042815999999999965,1
774,near_ood,0.07449847619047612,2
775,near_ood,0.13999919047619058,2
776,near_ood,0.0009431666666666061,1
777,near_ood,0.09296628571428567,1
778,near_ood,0.18975785918367347,2
779,train,0.0,0
780,near_ood,0.017079999999999984,1
781,near_ood,0.2171032142857143,3
782,near_ood,0.31008101428571433,2
783,near_ood,0.28467409523809517,2
784,near_ood,0.39530876122448966,5
785,near_ood,0.17766429999999994,2
786,near_ood,0.13993360544217692,2
787,near_ood,5.466666666664732e-05,1
788,near_ood,0.030681346938775556,2
789,near_ood,0.13091163333333325,2
790,near_ood,0.15948370000000003,1
791,near_ood,0.1089855666666666,3
792,near_ood,0.19182197619047614,3
793,near_ood,0.15893454761904768,2
794,train,0.0,0
795,near_ood,0.3406418095238096,3
796,near_ood,0.1120742380952382,2
797,near_ood,0.08271160000000002,1
798,train,0.0,0
799,near_ood,0.1471082380952382,2
800,near_ood,0.09549085714285721,1
801,near_ood,0.2035638605442176,3
802,near_ood,0.153213768707483,2
803,near_ood,0.3663498761904762,3
804,near_ood,0.1581459999999999,1
805,train,0.0,0
806,train,0.0,0
807,near_ood,0.2175316952380953,3
808,near_ood,0.09630828571428574,1
809,near_ood,0.18292878571428564,2
810,far_ood,0.5381949435374149,5
811,near_ood,0.05748734693877555,1
812,near_ood,0.1447343333333334,1
813,near_ood,0.031726734693877545,1
814,near_ood,0.05819523809523808,2
815,train,0.0,0
816,near_ood,0.1661773333333334,1
817,near_ood,0.18956991496598619,4
818,near_ood,0.17443626190476202,2
819,near_ood,0.27763436666666674,3
820,near_ood,0.23852716666666673,2
821,near_ood,0.32465505102040826,4
822,near_ood,0.06494929999999999,1
823,near_ood,0.16619697142857132,2
824,near_ood,0.24585669727891135,4
825,near_ood,0.1539167074829933,2
826,train,0.0,0
827,near_ood,0.08269933333333335,1
828,near_ood,0.10895890408163272,2
829,near_ood,0.35945708843537394,3
830,near_ood,0.29066350408163266,2
831,near_ood,0.10663866666666666,1
832,near_ood,0.25868100000000005,2
833,near_ood,0.15591883333333323,1
834,near_ood,0.1304685,1
835,near_ood,0.03763485714285719,1
836,near_ood,0.21734491564625866,3
837,near_ood,0.14301866666666663,1
838,near_ood,0.16152292517006783,3
839,near_ood,0.032603600000000066,1
840,near_ood,0.158383462585034,3
841,train,0.0,0
842,near_ood,0.32570600000000005,3
843,near_ood,0.05394361224489791,2
844,train,0.0,0
845,near_ood,0.02842279999999997,2
846,near_ood,0.27046936666666666,2
847,near_ood,0.15192049999999999,1
848,near_ood,0.016623146938775434,2
849,near_ood,0.15473520000000002,1
850,near_ood,0.302913544217687,3
851,near_ood,0.21582577346938775,2
852,near_ood,0.25031533333333333,2
853,near_ood,0.28779462857142846,4
854,near_ood,0.22708880000000004,3
855,near_ood,0.018978999999999968,1
856,near_ood,0.12568200000000007,1
857,near_ood,0.06533171088435374,2
858,train,0.0,0
859,near_ood,0.27838302380952373,3
860,near_ood,0.13382814285714284,1
861,near_ood,0.2695137278911565,2
862,near_ood,0.26377528571428577,3
863,near_ood,0.3091665646258504,3
864,near_ood,0.2703298176870747,4
865,near_ood,0.11002583333333327,1
866,train,0.0,0
867,near_ood,0.16615466666666667,1
868,near_ood,0.2311154333333333,2
869,near_ood,0.21481002721088444,2
870,near_ood,0.1364064523809525,2
871,near_ood,0.13528521088435386,2
872,near_ood,0.22016774285714302,3
873,near_ood,0.233217,3
874,near_ood,0.2836377857142858,2
875,near_ood,0.06799500680272108,2
876,near_ood,0.07321433333333338,1
877,near_ood,0.06311404761904771,2
878,near_ood,0.006396666666666717,1
879,near_ood,0.3953036904761904,4
880,near_ood,0.14757877551020415,1
881,near_ood,0.1823735979591836,3
882,train,0.0,0
883,near_ood,0.29830170816326534,3
884,near_ood,0.00617600000000007,2
885,train,0.0,0
886,near_ood,0.19821703061224483,3
887,near_ood,0.27563380952380956,2
888,near_ood,0.16841933333333337,1
889,near_ood,0.25116285714285713,2
890,train,0.0,0
891,near_ood,0.03804897959183684,1
892,near_ood,0.13227361224489786,3
893,near_ood,0.02728733333333333,1
894,near_ood,0.2562048489795917,3
895,near_ood,0.04776999999999987,1
896,near_ood,0.14222783333333328,2
897,train,0.0,0
898,near_ood,0.1558033333333333,1
899,near_ood,0.07557985714285709,1
900,near_ood,0.30398336394557834,3
901,near_ood,0.11713535714285706,2
902,near_ood,0.2146185142857142,2
903,near_ood,0.03834570000000004,1
904,near_ood,0.15470958571428567,2
905,near_ood,0.19774667278911562,3
906,near_ood,0.1522597755102042,2
907,near_ood,0.044904000000000055,1
908,near_ood,0.2578237040816326,2
909,near_ood,0.0716014285714286,1
910,near_ood,0.26879373333333334,4
911,train,0.0,0
912,near_ood,0.12749346938775508,1
913,near_ood,0.26360545850340134,3
914,near_ood,0.015718799999999977,1
915,near_ood,0.14583026394557824,3
916,near_ood,0.24078602721088432,3
917,near_ood,0.10497513333333341,2
918,near_ood,0.30347616190476173,4
919,near_ood,0.04188400000000003,1
920,near_ood,0.15520990000000004,1
921,near_ood,0.16557506462585025,2
922,near_ood,0.04397020680272107,2
923,near_ood,0.2566095333333333,2
924,near_ood,0.08760630000000005,1
925,near_ood,0.16415449999999998,2
926,near_ood,0.3678205170068026,3
927,near_ood,0.30579783333333344,2
928,train,0.0,0
929,near_ood,0.10444066666666674,1
930,near_ood,0.13350838095238104,2
931,near_ood,0.030353799999999986,1
932,near_ood,0.1692108333333333,2
933,near_ood,0.22824876666666655,3
934,near_ood,0.1606643333333333,1
935,near_ood,0.14869636734693875,2
936,near_ood,0.1361988,1
937,near_ood,0.13438632653061222,1
938,near_ood,0.13261713333333336,2
939,train,0.0,0
940,near_ood,0.22256033809523798,3
941,near_ood,0.25265933333333335,2
942,near_ood,0.1333455714285714,1
943,near_ood,0.1764582047619048,3
944,train,0.0,0
945,near_ood,0.2096270476190476,2
946,near_ood,0.01455579591836742,2
947,near_ood,0.17775189795918367,2
948,near_ood,0.11359200000000014,1
949,near_ood,0.056029156462585106,2
950,near_ood,0.19834643809523816,3
951,near_ood,0.01622170000000006,1
952,train,0.0,0
953,near_ood,0.20467495238095246,3
954,near_ood,0.21214748979591846,3
955,near_ood,0.08812506666666672,2
956,train,0.0,0
957,near_ood,0.14731693877551033,1
958,near_ood,0.25941085238095235,4
959,near_ood,0.08946009523809528,2
960,near_ood,0.14348523809523817,2
961,near_ood,0.06701528571428572,1
962,near_ood,0.21498829591836738,2
963,near_ood,0.22456673333333335,2
964,near_ood,0.07297133333333339,1
965,near_ood,0.2780306190476189,2
966,far_ood,0.6042457768707482,4
967,near_ood,0.32172477551020406,2
968,train,0.0,0
969,near_ood,0.09626585714285707,1
970,near_ood,0.13728415034013614,3
971,iid_val,0.0,0
972,near_ood,0.13241785714285714,2
973,near_ood,0.04751983333333343,2
974,near_ood,0.32921312040816325,3
975,train,0.0,0
976,near_ood,0.2658768897959184,2
977,near_ood,0.16007083333333316,2
978,near_ood,0.286496,2
979,iid_val,0.0,0
980,train,0.0,0
981,near_ood,0.11364443333333332,2
982,near_ood,0.16316081632653062,1
983,near_ood,0.11941189795918383,2
984,near_ood,0.19483411904761905,2
985,near_ood,0.069994,1
986,near_ood,0.20616408571428566,2
987,train,0.0,0
988,near_ood,0.12217861904761895,2
989,train,0.0,0
990,near_ood,0.2672936040816326,4
991,near_ood,0.06293550000000003,1
992,near_ood,0.20491342857142864,2
993,near_ood,0.05202466666666672,1
994,near_ood,0.1577951666666666,1
995,near_ood,0.26575909523809527,2
996,near_ood,0.1482659999999999,1
997,train,0.0,0
998,train,0.0,0
999,train,0.0,0
1000,near_ood,0.14130504081632655,2
1001,train,0.0,0
1002,train,0.0,0
1003,train,0.0,0
1004,near_ood,0.08130196666666667,2
1005,near_ood,0.30598767619047607,3
1006,near_ood,0.1538187408163264,3
1007,near_ood,0.3254262870748299,4
1008,near_ood,0.20657453061224507,2
1009,near_ood,0.14249440000000002,1
1010,near_ood,0.3706397285714286,4
1011,near_ood,0.07392836734693875,1
1012,near_ood,0.3233205714285714,3
1013,near_ood,0.055602285714285604,1
1014,near_ood,0.2574250986394557,3
1015,near_ood,0.11397290884353745,3
1016,near_ood,0.1645306666666666,1
1017,near_ood,0.2870168163265305,2
1018,near_ood,0.13418666666666668,1
1019,near_ood,0.2222636999999999,2
1020,near_ood,0.155198880952381,2
1021,near_ood,0.1840137721088433,3
1022,near_ood,0.22427647278911556,3
1023,near_ood,0.11661366666666664,2
1024,near_ood,0.18200714285714276,2
1025,near_ood,0.12624816326530613,1
1026,near_ood,0.11575199999999997,1
1027,near_ood,0.4551471523809524,3
1028,near_ood,0.4046513816326531,4
1029,near_ood,0.17952916666666674,2
1030,near_ood,0.0737215,1
1031,iid_val,0.0,0
1032,near_ood,0.3385458755102039,5
1033,near_ood,0.10187728571428556,1
1034,near_ood,0.1667863333333332,2
1035,near_ood,0.2610131333333332,3
1036,near_ood,0.06984428571428569,1
1037,near_ood,0.025900166666666613,1
1038,near_ood,0.29594612925170055,3
1039,near_ood,0.14171,1
1040,near_ood,0.25931844625850337,4
1041,near_ood,0.19141680952380957,2
1042,near_ood,0.31256428231292516,3
1043,near_ood,0.2194270714285714,2
1044,near_ood,0.04658279931972786,2
1045,near_ood,0.06710466666666681,1
1046,near_ood,0.09395224489795917,1
1047,near_ood,0.1446139387755102,3
1048,near_ood,0.2846386666666667,3
1049,near_ood,0.45681552380952356,4
1050,near_ood,0.1473850000000001,1
1051,near_ood,0.11143933333333322,1
1052,near_ood,0.12414130000000001,1
1053,near_ood,0.09359618367346934,2
1054,near_ood,0.04856614285714267,1
1055,near_ood,0.04652999999999996,1
1056,near_ood,0.17835450000000003,2
1057,near_ood,0.11248381428571412,2
1058,near_ood,0.29416662585034015,2
1059,near_ood,0.3031413047619049,3
1060,near_ood,0.06653061224489792,1
1061,near_ood,0.19059306666666664,2
1062,near_ood,0.09913445102040813,2
1063,near_ood,0.06378333333333341,1
1064,train,0.0,0
1065,train,0.0,0
1066,near_ood,0.12867985714285712,2
1067,near_ood,0.16165164285714295,2
1068,near_ood,0.2521355877551019,3
1069,iid_val,0.0,0
1070,near_ood,0.26826120952380955,3
1071,near_ood,0.0251015,1
1072,iid_val,0.0,0
1073,near_ood,0.23663661904761912,2
1074,near_ood,0.11627734693877545,1
1075,train,0.0,0
1076,train,0.0,0
1077,near_ood,0.15485681428571418,2
1078,near_ood,0.19628050000000002,2
1079,near_ood,0.19573402857142863,2
1080,near_ood,0.04998133333333332,2
1081,near_ood,0.16293266666666661,1
1082,near_ood,0.027867666666666624,1
1083,near_ood,0.13793849251700696,3
1084,near_ood,0.19521842857142846,2
1085,train,0.0,0
1086,train,0.0,0
1087,near_ood,0.15655816326530614,1
1088,near_ood,0.21835229523809524,3
1089,near_ood,0.20313527891156463,2
1090,near_ood,0.34392195238095236,3
1091,near_ood,0.17117242857142856,3
1092,near_ood,0.20075991836734686,3
1093,near_ood,0.22744053333333336,2
1094,near_ood,0.057864999999999944,1
1095,near_ood,0.25155383333333337,3
1096,iid_val,0.0,0
1097,near_ood,0.19554130000000003,2
1098,near_ood,0.1467799829931974,2
1099,near_ood,0.152073,1
1100,near_ood,0.2748483142857142,2
1101,near_ood,0.11572178231292524,2
1102,train,0.0,0
1103,near_ood,0.1492631666666666,1
1104,iid_val,0.0,0
1105,near_ood,0.20300983333333333,2
1106,train,0.0,0
1107,near_ood,0.20472483333333336,2
1108,near_ood,0.09149890000000002,1
1109,near_ood,0.0627956333333333,2
1110,near_ood,0.13129529999999995,2
1111,near_ood,0.22664890476190458,2
1112,near_ood,0.054046966666666627,2
1113,near_ood,0.17851371428571428,2
1114,train,0.0,0
1115,near_ood,0.021697999999999995,1
1116,near_ood,0.3153091666666667,2
1117,near_ood,0.14984971428571436,1
1118,near_ood,0.20139560000000004,2
1119,near_ood,0.009102666666666592,1
1120,near_ood,0.14798971428571428,1
1121,train,0.0,0
1122,near_ood,0.1640459183673469,1
1123,near_ood,0.22543743333333335,2
1124,near_ood,0.14938081020408173,2
1125,near_ood,0.2430639040816327,2
1126,near_ood,0.1648742666666667,2
1127,near_ood,0.0050469387755103234,1
1128,near_ood,0.14876092857142853,2
1129,near_ood,0.04052733333333325,1
1130,near_ood,0.0543377142857141,1
1131,near_ood,0.3062973469387753,3
1132,train,0.0,0
1133,near_ood,0.09356585714285715,1
1134,near_ood,0.31086434693877546,3
1135,train,0.0,0
1136,near_ood,0.12056242857142851,1
1137,near_ood,0.0778645714285714,1
1138,near_ood,0.17927414285714283,2
1139,train,0.0,0
1140,near_ood,0.14185900000000007,1
1141,near_ood,0.21903595238095241,2
1142,near_ood,0.04551142857142865,1
1143,near_ood,0.07522000000000006,1
1144,near_ood,0.12387026666666667,2
1145,near_ood,0.2647848816326531,4
1146,near_ood,0.1313319999999999,1
1147,near_ood,0.08267233333333335,1
1148,near_ood,0.30548656190476203,4
1149,near_ood,0.010176499999999922,1
1150,near_ood,0.2710009319727891,3
1151,near_ood,0.30088914285714286,2
1152,near_ood,0.2043342102040816,3
1153,near_ood,0.0036444897959183042,1
1154,near_ood,0.09858070000000003,1
1155,train,0.0,0
1156,near_ood,0.32431442857142867,3
1157,near_ood,0.13814283333333327,2
1158,near_ood,0.03315866666666667,1
1159,near_ood,0.24972359931972787,4
1160,near_ood,0.23876414285714298,2
1161,near_ood,0.14945122448979592,1
1162,near_ood,0.10061068027210895,2
1163,near_ood,0.0843512585034013,2
1164,near_ood,0.19252609523809516,2
1165,near_ood,0.18325402380952371,2
1166,near_ood,0.20938866666666667,2
1167,near_ood,0.19283899659863946,3
1168,train,0.0,0
1169,near_ood,0.13040699999999994,1
1170,near_ood,0.3026815102040816,2
1171,near_ood,0.2455351156462584,3
1172,near_ood,0.15659590476190455,2
1173,near_ood,0.25585252993197277,3
1174,near_ood,0.11264266666666667,1
1175,near_ood,0.0904833,1
1176,near_ood,0.14112233333333335,2
1177,train,0.0,0
1178,near_ood,0.38842951020408156,3
1179,near_ood,0.0832142857142858,1
1180,far_ood,0.5734209714285715,4
1181,near_ood,0.12767104761904757,2
1182,near_ood,0.017729571428571345,1
1183,near_ood,0.06406266666666666,1
1184,near_ood,0.1329117142857142,3
1185,near_ood,0.007801833333333286,1
1186,near_ood,0.05719466666666673,1
1187,near_ood,0.16261960000000006,1
1188,near_ood,0.25068093333333347,2
1189,near_ood,0.20069634693877553,2
1190,iid_val,0.0,0
1191,near_ood,0.11167296666666665,2
1192,train,0.0,0
1193,near_ood,0.17606262585034027,3
1194,near_ood,0.13736828571428572,1
1195,near_ood,0.1416631727891156,2
1196,near_ood,0.2680175714285715,2
1197,near_ood,0.17314450000000003,2
1198,near_ood,0.16972104421768713,3
1199,near_ood,0.13657370068027208,2
1200,near_ood,0.21911800000000026,2
1201,near_ood,0.09265939999999998,1
1202,near_ood,0.24613893333333325,2
1203,train,0.0,0
1204,near_ood,0.3285622108843538,4
1205,near_ood,0.07944057142857142,1
1206,near_ood,0.057744999999999935,1
1207,near_ood,0.07356266666666678,1
1208,near_ood,0.29907249999999996,2
1209,near_ood,0.14242157142857137,2
1210,near_ood,0.34144071088435374,3
1211,near_ood,0.1379598,1
1212,near_ood,0.1523388,1
1213,near_ood,0.2281776945578231,4
1214,near_ood,0.10117938775510199,1
1215,near_ood,0.15042991836734682,2
1216,near_ood,0.1099253061224491,1
1217,near_ood,0.15945998639455777,2
1218,near_ood,0.044350598639455674,2
1219,near_ood,0.20983943333333333,3
1220,near_ood,0.08042428571428573,1
1221,near_ood,0.1762238081632653,2
1222,near_ood,0.10878542857142859,1
1223,near_ood,0.12877500000000003,1
1224,near_ood,0.20081180952380956,3
1225,near_ood,0.11431236666666672,2
1226,near_ood,0.0325118571428572,1
1227,near_ood,0.1901211530612244,3
1228,near_ood,0.151080476190476,2
1229,near_ood,0.19039611428571435,2
1230,train,0.0,0
1231,near_ood,0.09099849999999998,1
1232,near_ood,0.11931499999999999,2
1233,near_ood,0.27740892993197286,3
1234,near_ood,0.27462410544217697,3
1235,near_ood,0.09637309523809512,2
1236,near_ood,0.269707,2
1237,near_ood,0.13926166666666662,1
1238,near_ood,0.09350466666666668,1
1239,train,0.0,0
1240,near_ood,0.44913204013605434,4
1241,near_ood,0.24362366326530616,3
1242,train,0.0,0
1243,near_ood,0.2980923469387756,3
1244,near_ood,0.20056342857142861,2
1245,near_ood,0.042527142857142874,1
1246,near_ood,0.26759328571428576,3
1247,near_ood,0.2836913938775512,3
1248,near_ood,0.2141008809523809,3
1249,near_ood,0.24574485714285732,2
1250,near_ood,0.16116199999999992,2
1251,near_ood,0.07953596666666674,2
1252,near_ood,0.3530493319727892,3
1253,near_ood,0.2469600523809523,3
1254,near_ood,0.16239266666666663,1
1255,near_ood,0.1449054999999998,2
1256,near_ood,0.040852199999999964,1
1257,near_ood,0.14545693333333334,2
1258,near_ood,0.30981594761904774,3
1259,near_ood,0.33283486666666656,4
1260,near_ood,0.2076116333333332,3
1261,near_ood,0.05803489795918371,1
1262,near_ood,0.10229066666666653,2
1263,near_ood,0.323121824489796,3
1264,near_ood,0.11124455102040792,2
1265,near_ood,0.1585827666666668,2
1266,near_ood,0.23690371428571422,3
1267,near_ood,0.23271955102040814,2
1268,near_ood,0.1429772857142857,1
1269,train,0.0,0
1270,near_ood,0.3626541074829933,4
1271,near_ood,0.21837404285714276,2
1272,near_ood,0.06510114285714286,1
1273,near_ood,0.27691859183673473,2
1274,train,0.0,0
1275,near_ood,0.14421085714285709,1
1276,near_ood,0.15864066666666665,1
1277,near_ood,0.19920059183673477,2
1278,near_ood,0.1561827142857144,2
1279,near_ood,0.3041817122448978,4
1280,near_ood,0.14008895238095243,2
1281,near_ood,0.17499376870748318,2
1282,near_ood,0.17585173469387755,2
1283,near_ood,0.0399017333333333,2
1284,near_ood,0.1329114285714285,2
1285,near_ood,0.1354591428571429,1
1286,near_ood,0.0054438095238096285,2
1287,near_ood,0.2966626333333334,3
1288,near_ood,0.36814,3
1289,near_ood,0.15904511904761898,2
1290,near_ood,0.08561869387755094,2
1291,near_ood,0.2643202380952382,2
1292,near_ood,0.16622866666666658,2
1293,train,0.0,0
1294,near_ood,0.00187795918367345,1
1295,train,0.0,0
1296,near_ood,0.22940851700680265,2
1297,near_ood,0.3611883802721087,4
1298,near_ood,0.21009508843537422,2
1299,train,0.0,0
1300,train,0.0,0
1301,near_ood,0.2803308095238096,2
1302,near_ood,0.09228877551020409,1
1303,near_ood,0.30102170000000017,2
1304,near_ood,0.23756502857142858,2
1305,near_ood,0.2207649523809524,2
1306,near_ood,0.30316041836734686,3
1307,iid_val,0.0,0
1308,near_ood,0.11512042857142879,2
1309,near_ood,0.1550061333333334,2
1310,near_ood,0.06657666666666662,1
1311,near_ood,0.12566149999999998,1
1312,near_ood,0.07572033333333328,1
1313,near_ood,0.2225505238095239,2
1314,near_ood,0.1254723333333334,2
1315,near_ood,0.29731660544217675,2
1316,train,0.0,0
1317,near_ood,0.2551105918367347,2
1318,near_ood,0.18860510204081637,2
1319,near_ood,0.23287040000000017,2
1320,train,0.0,0
1321,near_ood,0.06010502244897951,3
1322,near_ood,0.152592918367347,2
1323,near_ood,0.039418000000000064,1
1324,near_ood,0.16208199999999995,1
1325,near_ood,0.16072056666666673,2
1326,near_ood,0.07396254285714288,2
1327,near_ood,0.25013463945578224,3
1328,near_ood,0.2823598802721089,3
1329,near_ood,0.19269911428571432,3
1330,near_ood,0.01590020408163273,1
1331,near_ood,0.20660372789115644,2
1332,near_ood,0.22152520476190463,3
1333,near_ood,0.3130179428571429,3
1334,near_ood,0.08879919999999997,1
1335,train,0.0,0
1336,near_ood,0.23080238095238087,3
1337,near_ood,0.10360897959183679,1
1338,near_ood,0.2095061666666667,2
1339,near_ood,0.28077650000000004,2
1340,near_ood,0.15059150000000002,1
1341,near_ood,0.18433220000000003,2
1342,near_ood,0.38458987074829926,3
1343,near_ood,0.1555009333333333,2
1344,near_ood,0.34969168571428577,3
1345,near_ood,0.09317112040816328,2
1346,near_ood,0.3279308122448981,4
1347,near_ood,0.010176666666666612,1
1348,near_ood,0.04935028571428568,2
1349,near_ood,0.13326601700680274,2
1350,near_ood,0.3460892285714286,3
1351,near_ood,0.03001693877551026,1
1352,near_ood,0.29894593333333325,3
1353,near_ood,0.09649351428571418,2
1354,near_ood,0.16873457482993187,3
1355,near_ood,0.15324183673469383,1
1356,train,0.0,0
1357,near_ood,0.17791206666666673,2
1358,train,0.0,0
1359,near_ood,0.20916980952380942,2
1360,train,0.0,0
1361,near_ood,0.15144322040816321,3
1362,near_ood,0.13583842857142858,1
1363,near_ood,0.09854289999999999,1
1364,near_ood,0.032181571428571365,1
1365,train,0.0,0
1366,near_ood,0.2100551462585033,2
1367,near_ood,0.013430816326530592,1
1368,near_ood,0.1411030612244899,1
1369,near_ood,0.07875726190476184,2
1370,near_ood,0.0749165306122449,1
1371,near_ood,0.13550466666666672,1
1372,near_ood,0.14205610544217706,3
1373,near_ood,0.15695352380952382,2
1374,near_ood,0.2059660238095239,2
1375,near_ood,0.01642733333333335,1
1376,train,0.0,0
1377,near_ood,0.2895833197278911,3
1378,near_ood,0.05283811904761904,2
1379,train,0.0,0
1380,near_ood,0.15595266666666663,1
1381,near_ood,0.12218640000000003,1
1382,near_ood,0.1916786666666666,2
1383,train,0.0,0
1384,near_ood,0.26520308163265316,3
1385,near_ood,0.20797719047619045,3
1386,near_ood,0.1806997333333334,2
1387,near_ood,0.1529392857142856,2
1388,near_ood,0.010858833333333373,1
1389,near_ood,0.1380947142857143,1
1390,near_ood,0.09647510204081644,1
1391,near_ood,0.154312,1
1392,near_ood,0.20210756666666665,2
1393,near_ood,0.1717009115646259,3
1394,near_ood,0.07467469387755099,1
1395,near_ood,0.14414242857142845,1
1396,near_ood,0.14229005442176867,2
1397,near_ood,0.08677371428571423,1
1398,near_ood,0.12068000000000001,1
1399,near_ood,0.329451357142857,4
1400,near_ood,0.20930261428571423,3
1401,near_ood,0.2844066666666667,2
1402,near_ood,0.16365666666666667,1
1403,near_ood,0.03542265306122461,1
1404,near_ood,0.14589016666666665,1
1405,near_ood,0.3085196360544218,3
1406,near_ood,0.19624808163265317,2
1407,near_ood,0.2927489387755103,3
1408,near_ood,0.0580746333333334,2
1409,near_ood,0.17806226122448976,4
1410,near_ood,0.1595681632653062,1
1411,train,0.0,0
1412,near_ood,0.36008549387755107,3
1413,train,0.0,0
1414,near_ood,0.18121436666666663,2
1415,near_ood,0.12791914285714268,2
1416,near_ood,0.36376178367346934,3
1417,near_ood,0.15552152857142837,3
1418,near_ood,0.040927166666666584,2
1419,train,0.0,0
1420,near_ood,0.06860910000000003,2
1421,train,0.0,0
1422,near_ood,0.04831448979591835,1
1423,near_ood,0.2531317925170068,3
1424,near_ood,0.02473390000000003,1
1425,near_ood,0.06371400000000005,1
1426,near_ood,0.1525335428571428,4
1427,near_ood,0.0767565,1
1428,near_ood,0.115178,1
1429,near_ood,0.2811481414965986,5
1430,near_ood,0.09253714285714276,1
1431,near_ood,0.1034801666666666,1
1432,iid_val,0.0,0
1433,near_ood,0.2960811428571428,2
1434,near_ood,0.16226057823129258,2
1435,near_ood,0.14073816326530614,1
1436,near_ood,0.19332522108843547,3
1437,near_ood,0.1634781428571428,2
1438,near_ood,0.23794375850340155,3
1439,near_ood,0.02255918367346943,1
1440,near_ood,0.16949316666666675,2
1441,near_ood,0.20387339999999993,2
1442,near_ood,0.35274884489795916,3
1443,iid_val,0.0,0
1444,near_ood,0.3073840918367346,4
1445,near_ood,0.049626326530612275,1
1446,near_ood,0.1072272666666666,2
1447,near_ood,0.24918577619047622,4
1448,train,0.0,0
1449,near_ood,0.0011678999999999995,1
1450,near_ood,0.006914499999999935,1
1451,near_ood,0.031247333333333294,1
1452,near_ood,0.08182616666666664,2
1453,train,0.0,0
1454,near_ood,0.11255242857142855,1
1455,near_ood,0.09536296666666672,2
1456,near_ood,0.1345022999999999,2
1457,near_ood,0.3148573027210885,3
1458,near_ood,0.03923542857142848,1
1459,train,0.0,0
1460,near_ood,0.004397571428571445,1
1461,near_ood,0.03181183333333326,1
1462,near_ood,0.2823518761904762,3
1463,near_ood,0.276627193877551,3
1464,near_ood,0.42708349523809513,3
1465,near_ood,0.15681213605442174,2
1466,near_ood,0.0021053333333332924,1
1467,near_ood,0.14086100000000004,1
1468,near_ood,0.10206199999999999,1
1469,near_ood,0.19395442857142853,2
1470,near_ood,0.2325216734693878,2
1471,near_ood,0.010710857142857133,1
1472,near_ood,0.2883881428571428,2
1473,near_ood,0.1556844897959183,1
1474,near_ood,0.01726157142857143,1
1475,train,0.0,0
1476,near_ood,0.08341672108843534,2
1477,near_ood,0.20513142857142844,2
1478,near_ood,0.005025799999999969,1
1479,iid_val,0.0,0
1480,train,0.0,0
1481,near_ood,0.1409516428571428,2
1482,near_ood,0.11916216666666679,1
1483,train,0.0,0
1484,near_ood,0.2628480000000001,2
1485,near_ood,0.0034074000000000383,1
1486,near_ood,0.3579494285714286,3
1487,near_ood,0.34825802925170063,3
1488,near_ood,0.26157421428571426,3
1489,near_ood,0.2019540734693878,3
1490,near_ood,0.19823274965986395,3
1491,near_ood,0.10593400000000003,1
1492,near_ood,0.128022380952381,2
1493,near_ood,0.0943235,2
1494,near_ood,0.16317946666666666,2
1495,near_ood,0.033353666666666615,1
1496,near_ood,0.13481414285714277,1
1497,near_ood,0.2003837238095239,3
1498,near_ood,0.14943400000000007,1
1499,near_ood,0.06015337414965982,2
1500,near_ood,0.14263099999999995,2
1501,near_ood,0.3271601095238096,3
1502,near_ood,0.18775612380952367,3
1503,near_ood,0.37187717142857146,3
1504,iid_val,0.0,0
1505,near_ood,0.4555175571428572,4
1506,near_ood,0.2390469142857143,2
1507,near_ood,0.34437019387755086,3
1508,near_ood,0.01056933333333332,1
1509,near_ood,0.1303769387755102,1
1510,near_ood,0.09109733333333336,1
1511,near_ood,0.2600772176870749,3
1512,iid_val,0.0,0
1513,near_ood,0.22281487142857148,2
1514,near_ood,0.06710176870748319,2
1515,train,0.0,0
1516,near_ood,0.15396157142857148,1
1517,near_ood,0.059203333333333275,1
1518,near_ood,0.06868666666666667,1
1519,near_ood,0.26063698571428573,3
1520,near_ood,0.1291308571428571,1
1521,near_ood,0.11208500000000002,1
1522,near_ood,0.10846333333333336,1
1523,near_ood,0.07864061224489804,1
1524,iid_val,0.0,0
1525,near_ood,0.2680276231292517,4
1526,near_ood,0.14367099999999988,1
1527,near_ood,0.07013072857142862,2
1528,near_ood,0.07886283333333338,2
1529,near_ood,0.16171763333333333,2
1530,near_ood,0.3340785333333335,3
1531,near_ood,0.21501728095238087,3
1532,near_ood,0.19814353741496604,2
1533,near_ood,0.22228683333333332,2
1534,near_ood,0.08133199999999996,1
1535,near_ood,0.2230245591836736,3
1536,near_ood,0.15793134693877559,2
1537,near_ood,0.203779619047619,2
1538,near_ood,0.21816330000000006,2
1539,near_ood,0.1526801,1
1540,near_ood,0.08254285714285725,1
1541,train,0.0,0
1542,near_ood,0.26406414285714297,2
1543,near_ood,0.424522519047619,3
1544,near_ood,0.1801208775510203,2
1545,near_ood,0.2459884047619046,3
1546,near_ood,0.4318139333333331,5
1547,near_ood,0.09294333333333327,1
1548,near_ood,0.06026190476190468,2
1549,near_ood,0.10690160000000004,1
1550,near_ood,0.222791411564626,3
1551,train,0.0,0
1552,near_ood,0.4162698170068027,4
1553,near_ood,0.0475563265306122,1
1554,near_ood,0.1681555714285713,2
1555,train,0.0,0
1556,near_ood,0.06242233333333347,1
1557,near_ood,0.19397549999999997,2
1558,near_ood,0.4142890272108841,4
1559,train,0.0,0
1560,near_ood,0.08841484353741508,2
1561,near_ood,0.13778128571428572,1
1562,near_ood,0.0846892857142858,1
1563,near_ood,0.2247983945578232,2
1564,near_ood,0.1349757142857143,1
1565,near_ood,0.13837149999999998,1
1566,near_ood,0.1639007687074829,3
1567,near_ood,0.09702903333333321,2
1568,near_ood,0.004875166666666653,1
1569,near_ood,0.2971529,2
1570,near_ood,0.134301,1
1571,near_ood,0.17921093333333338,2
1572,near_ood,0.2572289333333333,3
1573,near_ood,0.20623902380952397,2
1574,near_ood,0.21697683333333334,2
1575,near_ood,0.22711186666666663,2
1576,near_ood,0.07280199999999992,1
1577,near_ood,0.10684123809523816,2
1578,near_ood,0.11437599999999992,1
1579,near_ood,0.30744336666666666,2
1580,near_ood,0.1467864761904762,2
1581,train,0.0,0
1582,near_ood,0.14725563265306124,2
1583,near_ood,0.14115167346938767,2
1584,near_ood,0.3118933727891156,4
1585,near_ood,0.11852983333333333,1
1586,near_ood,0.1438328333333332,1
1587,near_ood,0.22696688435374157,2
1588,near_ood,0.2297208285714285,3
1589,near_ood,0.309838150340136,3
1590,near_ood,0.1019132999999999,2
1591,near_ood,0.1333373673469388,2
1592,near_ood,0.13101110204081623,2
1593,near_ood,0.25933004285714295,2
1594,near_ood,0.1846242666666666,2
1595,near_ood,0.306998768707483,3
1596,near_ood,0.11524742312925174,3
1597,train,0.0,0
1598,near_ood,0.08715254217687068,3
1599,near_ood,0.19541501700680275,3
1600,near_ood,0.011872571428571344,1
1601,near_ood,0.08110000000000006,2
1602,near_ood,0.10598699999999994,2
1603,near_ood,0.2532894659863947,3
1604,train,0.0,0
1605,near_ood,0.2421156571428572,3
1606,train,0.0,0
1607,near_ood,0.025440000000000018,1
1608,near_ood,0.2681089857142856,3
1609,near_ood,0.11653471428571438,1
1610,near_ood,0.23174095238095238,2
1611,near_ood,0.08913199999999999,1
1612,train,0.0,0
1613,near_ood,0.1401883333333333,2
1614,near_ood,0.3076589333333333,3
1615,train,0.0,0
1616,near_ood,0.1091658333333333,1
1617,near_ood,0.28266003333333356,3
1618,near_ood,0.18115633333333342,2
1619,near_ood,0.29483109523809536,2
1620,near_ood,0.07680159523809515,2
1621,train,0.0,0
1622,near_ood,0.11565877551020404,1
1623,near_ood,0.15695266666666674,1
1624,near_ood,0.06392870748299323,2
1625,near_ood,0.2768316292517007,2
1626,near_ood,0.01808333333333334,1
1627,near_ood,0.3829885272108842,3
1628,near_ood,0.15547385714285722,1
1629,near_ood,0.12211516666666666,1
1630,near_ood,0.17661540476190485,2
1631,near_ood,0.16633054285714285,2
1632,train,0.0,0
1633,near_ood,0.31435132857142856,3
1634,near_ood,0.10603685714285704,1
1635,near_ood,0.2060509761904763,2
1636,near_ood,0.16258419999999996,1
1637,near_ood,0.1491891428571429,1
1638,near_ood,0.042859285714285655,1
1639,near_ood,0.16020203333333333,3
1640,near_ood,0.12397949999999991,1
1641,near_ood,0.1012784999999999,2
1642,near_ood,0.16993673469387743,2
1643,near_ood,0.2074717857142856,3
1644,near_ood,0.0968301999999999,3
1645,near_ood,0.28949273333333336,3
1646,train,0.0,0
1647,near_ood,0.23829130952380934,3
1648,near_ood,0.14138704285714293,2
1649,near_ood,0.22621714285714278,2
1650,near_ood,0.18023997142857134,2
1651,near_ood,0.11693000000000009,1
1652,train,0.0,0
1653,near_ood,0.15873209523809517,2
1654,near_ood,0.15112400000000004,1
1655,train,0.0,0
1656,near_ood,0.06178420000000001,1
1657,near_ood,0.01254299999999997,1
1658,near_ood,0.19953201428571418,3
1659,near_ood,0.189488,2
1660,near_ood,0.16322329999999996,1
1661,train,0.0,0
1662,train,0.0,0
1663,near_ood,0.24287730952380954,3
1664,near_ood,0.06433430000000001,1
1665,near_ood,0.05141557142857134,1
1666,near_ood,0.23908316666666662,2
1667,near_ood,0.44049359659863935,4
1668,near_ood,0.23774388095238086,3
1669,near_ood,0.2838080952380952,2
1670,near_ood,0.037613999999999925,1
1671,near_ood,0.05808275510204075,2
1672,near_ood,0.12211052380952397,2
1673,near_ood,0.03553053061224487,2
1674,train,0.0,0
1675,near_ood,0.15609933333333337,1
1676,near_ood,0.11195721428571415,2
1677,near_ood,0.1200975,1
1678,near_ood,0.2422096714285714,2
1679,near_ood,0.02250559999999996,1
1680,near_ood,0.13244177142857141,2
1681,near_ood,0.07195266666666678,1
1682,near_ood,0.3163641496598639,3
1683,near_ood,0.24792873809523822,3
1684,near_ood,0.07735649999999994,1
1685,near_ood,0.22993150952380942,3
1686,near_ood,0.2792412959183673,3
1687,near_ood,0.12154577891156454,2
1688,train,0.0,0
1689,near_ood,0.44130306802721075,3
1690,near_ood,0.029292940816326496,2
1691,near_ood,0.12731342857142863,2
1692,near_ood,0.15233644897959187,2
1693,near_ood,0.2363805666666667,2
1694,near_ood,0.28447104081632657,3
1695,near_ood,0.11580121428571433,2
1696,near_ood,0.15626855102040815,2
1697,near_ood,0.009496400000000016,1
1698,train,0.0,0
1699,near_ood,0.25627212244897973,4
1700,near_ood,0.09353571428571439,1
1701,near_ood,0.31476382176870754,3
1702,near_ood,0.02553216666666669,1
1703,near_ood,0.1450446666666666,1
1704,near_ood,0.29842613809523794,3
1705,near_ood,0.1351603102040816,2
1706,near_ood,0.23657634693877538,2
1707,near_ood,0.1359813333333333,1
1708,train,0.0,0
1709,near_ood,0.3034913333333334,3
1710,near_ood,0.23441033333333328,2
1711,near_ood,0.19466795238095236,2
1712,near_ood,0.20993883333333344,3
1713,near_ood,0.056260428571428434,1
1714,near_ood,0.10549449999999994,2
1715,near_ood,0.17994091836734705,2
1716,near_ood,0.24291474285714276,4
1717,near_ood,0.20498164761904764,3
1718,near_ood,0.02260400000000007,1
1719,near_ood,0.1586066666666667,2
1720,near_ood,0.12382469387755113,1
1721,near_ood,0.16684600000000005,2
1722,train,0.0,0
1723,train,0.0,0
1724,near_ood,0.1745593571428572,2
1725,near_ood,0.22806051020408163,2
1726,near_ood,0.08691971428571432,2
1727,near_ood,0.08826400000000012,1
1728,near_ood,0.16438020408163279,1
1729,near_ood,0.44576666666666664,3
1730,near_ood,0.2106632619047617,2
1731,near_ood,0.16258430612244884,3
1732,near_ood,0.12746442857142848,1
1733,near_ood,0.10553633333333334,2
1734,near_ood,0.20439399999999996,2
1735,near_ood,0.3324003551020408,3
1736,near_ood,0.10286201292517003,3
1737,near_ood,0.13280061836734697,2
1738,near_ood,0.299585693877551,2
1739,near_ood,0.04207733333333341,1
1740,near_ood,0.036725571428571246,1
1741,near_ood,0.17330338095238085,2
1742,near_ood,0.2245433999999999,2
1743,near_ood,0.36508110816326533,3
1744,near_ood,0.06034650000000008,2
1745,near_ood,0.16180428571428573,1
1746,near_ood,0.0839538333333334,1
1747,near_ood,0.16343934693877538,2
1748,near_ood,0.026161999999999908,1
1749,near_ood,0.4116654482993199,4
1750,near_ood,0.06986933333333345,1
1751,near_ood,0.1126213333333333,1
1752,near_ood,0.30599479387755096,3
1753,near_ood,0.14006657142857137,2
1754,near_ood,0.3750708952380952,4
1755,near_ood,0.372884757142857,4
1756,near_ood,0.028621866666666662,2
1757,near_ood,0.10644966666666666,1
1758,near_ood,0.15236632653061222,1
1759,near_ood,0.016820666666666706,1
1760,near_ood,0.26241004761904785,2
1761,near_ood,0.2498649251700681,2
1762,near_ood,0.27786076190476183,2
1763,near_ood,0.005087999999999981,1
1764,near_ood,0.1173293333333334,1
1765,near_ood,0.24644817687074827,2
1766,near_ood,0.09211450000000002,2
1767,near_ood,0.19020368707482987,2
1768,near_ood,0.001592244897959172,1
1769,near_ood,0.17043102040816316,2
1770,near_ood,0.03869214285714284,1
1771,train,0.0,0
1772,near_ood,0.025801000000000074,1
1773,near_ood,0.3976830952380954,3
1774,near_ood,0.09107933333333329,1
1775,near_ood,0.18499550816326543,2
1776,near_ood,0.2590502278911563,2
1777,near_ood,0.023611224489795912,1
1778,near_ood,0.21246577551020412,2
1779,train,0.0,0
1780,near_ood,0.10929771428571411,1
1781,iid_val,0.0,0
1782,near_ood,0.28914952380952375,3
1783,near_ood,0.2718572619047619,2
1784,near_ood,0.18889932244897975,2
1785,near_ood,0.15362814285714277,1
1786,near_ood,0.15374040816326529,1
1787,train,0.0,0
1788,near_ood,0.09733326190476188,3
1789,near_ood,0.047661836734693874,1
1790,near_ood,0.15296740000000003,2
1791,near_ood,0.20394938095238113,2
1792,near_ood,0.14390638775510212,2
1793,near_ood,0.10863859523809527,2
1794,near_ood,0.17976902380952364,2
1795,near_ood,0.05002276666666672,3
1796,near_ood,0.2408443061224489,3
1797,near_ood,0.1218689999999999,1
1798,near_ood,0.11902602040816324,2
1799,near_ood,0.20740771428571425,2
1800,near_ood,0.24100102721088434,3
1801,near_ood,0.18018083333333337,2
1802,near_ood,0.10348533333333343,1
1803,near_ood,0.2159305517006804,3
1804,near_ood,0.33179155918367353,3
1805,near_ood,0.33461140476190476,3
1806,near_ood,0.10241982040816316,2
1807,train,0.0,0
1808,near_ood,0.2033789421768708,2
1809,near_ood,0.25721460000000007,2
1810,near_ood,0.27873799999999993,2
1811,near_ood,0.14398807482993176,3
1812,near_ood,0.15484585714285704,1
1813,iid_val,0.0,0
1814,train,0.0,0
1815,near_ood,0.1208891428571428,1
1816,near_ood,0.21089737891156465,3
1817,train,0.0,0
1818,near_ood,0.1093178448979592,2
1819,near_ood,0.1800900204081632,2
1820,near_ood,0.009702285714285663,1
1821,near_ood,0.05120728571428568,1
1822,near_ood,0.2607635367346937,3
1823,near_ood,0.12049980000000002,1
1824,near_ood,0.24199485714285707,2
1825,near_ood,0.2244522428571428,2
1826,near_ood,0.11958899999999995,1
1827,near_ood,0.2919091156462586,3
1828,near_ood,0.09287942857142861,1
1829,near_ood,0.14291319047619033,2
1830,near_ood,0.10966920000000002,1
1831,near_ood,0.05076170000000002,1
1832,near_ood,0.22516580952380943,3
1833,near_ood,0.1568438571428572,2
1834,near_ood,0.3000563333333335,2
1835,train,0.0,0
1836,near_ood,0.26364218367346937,2
1837,near_ood,0.13332699999999997,1
1838,near_ood,0.13007471428571415,1
1839,near_ood,0.24471998639455783,2
1840,near_ood,0.08779199999999993,1
1841,near_ood,0.16769286666666683,2
1842,near_ood,0.08539142857142856,1
1843,near_ood,0.30592606666666666,2
1844,near_ood,0.1434253333333333,1
1845,train,0.0,0
1846,near_ood,0.05131380000000002,1
1847,near_ood,0.13296342857142862,1
1848,near_ood,0.19200492857142848,2
1849,near_ood,0.24824754761904766,3
1850,train,0.0,0
1851,near_ood,0.11242733333333327,1
1852,near_ood,0.1932860999999999,3
1853,near_ood,0.21970708163265285,3
1854,near_ood,0.09357816666666663,1
1855,near_ood,0.1832155000000002,2
1856,near_ood,0.07241199999999992,1
1857,iid_val,0.0,0
1858,near_ood,0.35111359387755103,3
1859,near_ood,0.1454226714285714,2
1860,near_ood,0.12267285714285714,1
1861,near_ood,0.17693816666666662,2
1862,train,0.0,0
1863,near_ood,0.08534566666666654,1
1864,near_ood,0.14726816666666664,2
1865,near_ood,0.04579070000000002,1
1866,near_ood,0.19418983809523804,3
1867,near_ood,0.048507999999999885,1
1868,near_ood,0.01542871428571424,1
1869,near_ood,0.012340000000000129,1
1870,near_ood,0.3631835666666666,3
1871,near_ood,0.19079921088435375,3
1872,near_ood,0.20115638095238098,2
1873,train,0.0,0
1874,near_ood,0.15677470000000002,1
1875,near_ood,0.15269523333333349,2
1876,near_ood,0.12190600000000018,2
1877,near_ood,0.31652640476190474,2
1878,near_ood,0.0015965714285713917,1
1879,train,0.0,0
1880,near_ood,0.0001859000000000166,1
1881,iid_val,0.0,0
1882,train,0.0,0
1883,iid_val,0.0,0
1884,near_ood,0.23945753333333328,2
1885,train,0.0,0
1886,near_ood,0.32249104761904746,3
1887,near_ood,0.0029969999999999164,1
1888,near_ood,0.051696571428571425,1
1889,near_ood,0.16255959183673474,1
1890,iid_val,0.0,0
1891,near_ood,0.245807469387755,3
1892,near_ood,0.1183316054421768,2
1893,near_ood,0.32072806462585024,4
1894,near_ood,0.09530428571428573,1
1895,near_ood,0.26022372585034,3
1896,near_ood,0.15942616666666665,2
1897,train,0.0,0
1898,near_ood,0.23093876666666663,2
1899,iid_val,0.0,0
1900,near_ood,0.09540614285714277,1
1901,iid_val,0.0,0
1902,near_ood,0.07058559999999989,2
1903,train,0.0,0
1904,train,0.0,0
1905,near_ood,0.04273265306122448,1
1906,near_ood,0.1068763265306123,1
1907,near_ood,0.1247815000000001,1
1908,near_ood,0.14145107142857144,3
1909,near_ood,0.08107410000000004,1
1910,near_ood,0.06736983333333324,1
1911,near_ood,0.046991333333333385,1
1912,near_ood,0.20300947619047616,2
1913,near_ood,0.15633933333333327,2
1914,near_ood,0.17367883333333334,2
1915,near_ood,0.29926169999999996,2
1916,near_ood,0.06260328571428564,1
1917,near_ood,0.1441555000000001,1
1918,near_ood,0.12505732857142846,2
1919,near_ood,0.31877722993197255,4
1920,train,0.0,0
1921,near_ood,0.13505933333333342,2
1922,iid_val,0.0,0
1923,near_ood,0.1602687619047618,2
1924,near_ood,0.022649428571428487,2
1925,near_ood,0.1719935952380952,3
1926,near_ood,0.08930700000000014,1
1927,near_ood,0.20798689999999995,2
1928,train,0.0,0
1929,train,0.0,0
1930,near_ood,0.09653390000000006,1
1931,near_ood,0.1593002761904762,3
1932,near_ood,0.12353609999999998,2
1933,near_ood,0.13084181428571431,2
1934,near_ood,0.04838399999999998,2
1935,near_ood,0.25890453061224494,3
1936,near_ood,0.08939163265306127,1
1937,near_ood,0.006108285714285677,1
1938,near_ood,0.031278367346938785,1
1939,train,0.0,0
1940,near_ood,0.18325532993197274,3
1941,near_ood,0.12520660000000006,2
1942,near_ood,0.10628133333333345,1
1943,near_ood,0.05246599999999996,1
1944,near_ood,0.2349253666666667,2
1945,near_ood,0.054675399999999964,2
1946,near_ood,0.36773609047619044,3
1947,near_ood,0.058123333333333305,1
1948,near_ood,0.025614081632653052,1
1949,near_ood,0.3210667346938776,2
1950,train,0.0,0
1951,near_ood,0.1433225714285714,1
1952,near_ood,0.26539107346938784,2
1953,near_ood,0.32642675170068036,2
1954,near_ood,0.13969849999999992,2
1955,near_ood,0.18720778571428554,2
1956,near_ood,0.3669225000000001,3
1957,near_ood,0.10392081632653055,1
1958,near_ood,0.22734323333333348,3
1959,near_ood,0.18095950000000005,2
1960,near_ood,0.2867526088435373,3
1961,near_ood,0.06999309999999989,2
1962,near_ood,0.14332933333333342,1
1963,near_ood,0.07497999999999994,1
1964,near_ood,0.13003783333333319,1
1965,train,0.0,0
1966,near_ood,0.03236928571428577,1
1967,near_ood,0.23444312040816317,3
1968,train,0.0,0
1969,near_ood,0.1544651666666666,2
1970,iid_val,0.0,0
1971,near_ood,0.06298493877551026,2
1972,train,0.0,0
1973,near_ood,0.04955133333333328,1
1974,train,0.0,0
1975,train,0.0,0
1976,iid_val,0.0,0
1977,near_ood,0.1071014428571429,2
1978,near_ood,0.1456671,1
1979,train,0.0,0
1980,near_ood,0.3100622959183674,4
1981,near_ood,0.15224018571428563,2
1982,near_ood,0.00015599999999993397,1
1983,near_ood,0.2862890666666668,2
1984,near_ood,0.047706833333333365,1
1985,train,0.0,0
1986,near_ood,0.22440957142857132,3
1987,near_ood,0.0708712619047619,2
1988,train,0.0,0
1989,near_ood,0.20672883333333325,2
1990,iid_val,0.0,0
1991,near_ood,0.22149283333333347,2
1992,near_ood,0.23021132040816317,3
1993,near_ood,0.19989314285714288,2
1994,near_ood,0.33526164625850347,3
1995,near_ood,0.13312944897959178,2
1996,near_ood,0.21784106122448976,2
1997,iid_val,0.0,0
1998,near_ood,0.16597632653061217,1
1999,near_ood,0.1445650952380952,3
2000,near_ood,0.14781016530612257,2
2001,near_ood,0.2494865714285714,2
2002,near_ood,0.014510999999999996,1
2003,near_ood,0.05469062857142863,3
2004,near_ood,0.19831999999999994,3
2005,near_ood,0.14625224489795918,1
2006,near_ood,0.3141899857142857,2
2007,near_ood,0.2515334632653063,3
2008,near_ood,0.014236000000000004,1
2009,near_ood,0.0796906238095238,3
2010,near_ood,0.24710528571428572,2
2011,near_ood,0.2263931428571428,3
2012,iid_val,0.0,0
2013,iid_val,0.0,0
2014,near_ood,0.3016716496598639,3
2015,near_ood,0.08242394489795912,3
2016,near_ood,0.12858249999999993,1
2017,near_ood,0.11936476190476192,2
2018,near_ood,0.20493180000000005,2
2019,near_ood,0.0842674387755103,2
2020,near_ood,0.1488978571428572,1
2021,near_ood,0.08788400000000007,1
2022,near_ood,0.10763528571428571,1
2023,near_ood,0.2423179,2
2024,train,0.0,0
2025,near_ood,0.11231305442176875,2
2026,near_ood,0.212509242857143,3
2027,near_ood,0.06391400000000003,1
2028,near_ood,0.257450487755102,2
2029,near_ood,0.39890233537414976,3
2030,near_ood,0.15029749999999997,1
2031,near_ood,0.1535129999999999,1
2032,near_ood,0.21524104081632645,2
2033,near_ood,0.41096513129251694,3
2034,near_ood,0.33020230612244883,3
2035,near_ood,0.3097754421768708,4
2036,near_ood,0.19536031768707482,3
2037,near_ood,0.13299839999999996,1
2038,train,0.0,0
2039,near_ood,0.15473616666666667,1
2040,near_ood,0.07065243537414972,2
2041,train,0.0,0
2042,near_ood,0.07933640816326526,2
2043,near_ood,0.11879533333333325,1
2044,train,0.0,0
2045,near_ood,0.23510566666666666,2
2046,near_ood,0.11346510204081628,1
2047,near_ood,0.2815835244897958,3
2048,near_ood,0.21702160000000004,2
2049,near_ood,0.005622166666666706,1
2050,near_ood,0.1708100333333333,2
2051,near_ood,0.047491224489795925,1
2052,near_ood,0.12272909183673464,2
2053,near_ood,0.30434801428571423,2
2054,near_ood,0.1521798333333333,1
2055,near_ood,0.010952000000000073,1
2056,near_ood,0.17433397142857127,3
2057,near_ood,0.31092016190476185,3
2058,near_ood,0.11593100000000012,2
2059,near_ood,0.16266266666666662,1
2060,train,0.0,0
2061,near_ood,0.2893106904761904,3
2062,near_ood,0.21004704081632652,3
2063,near_ood,0.21315358163265316,3
2064,near_ood,0.04606183333333336,1
2065,near_ood,0.30531470476190475,3
2066,near_ood,0.12564533333333328,1
2067,near_ood,0.3959187176870748,4
2068,near_ood,0.24503543741496595,3
2069,near_ood,0.1524469387755103,1
2070,near_ood,0.06741090476190481,2
2071,near_ood,0.13869756462585037,3
2072,train,0.0,0
2073,near_ood,0.2693252333333333,2
2074,near_ood,0.18163472380952378,3
2075,near_ood,0.42816856530612235,4
2076,near_ood,0.003305833333333341,1
2077,near_ood,0.11506399999999994,1
2078,near_ood,0.0014428000000000218,1
2079,near_ood,0.14033419047619045,2
2080,near_ood,0.2194116571428569,3
2081,near_ood,0.11011586394557826,3
2082,near_ood,0.06939020000000001,1
2083,near_ood,0.12510859523809525,2
2084,near_ood,0.1730543333333332,2
2085,near_ood,0.22988016666666666,3
2086,near_ood,0.056930166666666615,1
2087,near_ood,0.15039119999999997,1
2088,train,0.0,0
2089,near_ood,0.14390345714285707,2
2090,near_ood,0.08548785714285712,1
2091,near_ood,0.17256612244897962,2
2092,near_ood,0.36160899047619044,3
2093,near_ood,0.22018707755102043,3
2094,near_ood,0.13537446666666664,2
2095,near_ood,0.051274666666666635,1
2096,near_ood,0.24342703809523805,4
2097,near_ood,0.18303869387755095,2
2098,near_ood,0.1599478530612246,2
2099,near_ood,0.2743878142857141,3
2100,near_ood,0.28477676190476187,2
2101,near_ood,0.24594189999999996,2
2102,near_ood,0.2999890469387755,3
2103,near_ood,0.222190142857143,2
2104,near_ood,0.1630368571428571,2
2105,near_ood,0.2504328095238096,3
2106,near_ood,0.2107404000000001,2
2107,near_ood,0.023993333333333366,1
2108,near_ood,0.2563080476190475,2
2109,near_ood,0.09498683333333346,2
2110,near_ood,0.0920302585034013,2
2111,near_ood,0.4551093993197278,4
2112,near_ood,0.040476233333333236,2
2113,near_ood,0.15644733333333327,1
2114,near_ood,0.2100656666666666,2
2115,train,0.0,0
2116,train,0.0,0
2117,near_ood,0.2032633530612245,3
2118,train,0.0,0
2119,near_ood,0.236834806122449,3
2120,near_ood,0.1079647142857143,1
2121,near_ood,0.22004373333333338,2
2122,near_ood,0.12011750000000003,2
2123,near_ood,0.10323154081632653,2
2124,near_ood,0.30380331972789143,2
2125,near_ood,0.13251085918367328,3
2126,near_ood,0.23953176190476166,2
2127,near_ood,0.1563566666666667,1
2128,train,0.0,0
2129,near_ood,0.24635078571428579,2
2130,near_ood,0.016232899999999995,1
2131,near_ood,0.2597462666666665,3
2132,near_ood,0.11137599999999992,1
2133,near_ood,0.09889457142857139,1
2134,near_ood,0.10444128571428579,1
2135,near_ood,0.11488288435374155,2
2136,near_ood,0.0008945714285714113,1
2137,iid_val,0.0,0
2138,train,0.0,0
2139,near_ood,0.15578657142857144,2
2140,near_ood,0.2029272448979592,2
2141,iid_val,0.0,0
2142,train,0.0,0
2143,near_ood,0.17040863265306128,2
2144,near_ood,0.31070353333333334,3
2145,train,0.0,0
2146,near_ood,0.1913345659863946,3
2147,train,0.0,0
2148,near_ood,0.031155102040816396,1
2149,near_ood,0.34794206122448984,3
2150,near_ood,0.3364708095238093,3
2151,near_ood,0.1585010000000001,3
2152,train,0.0,0
2153,near_ood,0.05341495918367345,3
2154,near_ood,0.1098714666666667,2
2155,near_ood,0.19391165714285713,2
2156,train,0.0,0
2157,near_ood,0.014276700000000008,1
2158,train,0.0,0
2159,train,0.0,0
2160,iid_val,0.0,0
2161,train,0.0,0
2162,train,0.0,0
2163,near_ood,0.3693729,3
2164,near_ood,0.3406710448979592,4
2165,near_ood,0.27875838095238104,2
2166,near_ood,0.10647979591836731,1
2167,near_ood,0.11706057482993204,2
2168,train,0.0,0
2169,near_ood,0.2845652666666667,2
2170,near_ood,0.14004868027210893,2
2171,near_ood,0.2873933666666666,2
2172,train,0.0,0
2173,near_ood,0.06999999999999995,1
2174,near_ood,0.1497526394557822,2
2175,near_ood,0.2702527721088436,3
2176,near_ood,0.0575008163265307,1
2177,near_ood,0.2797720238095238,2
2178,near_ood,0.1559720333333332,2
2179,near_ood,0.2190645333333333,2
2180,near_ood,0.06028079999999997,1
2181,near_ood,0.050671299999999975,1
2182,near_ood,0.15758966666666663,1
2183,near_ood,0.3565496142857142,3
2184,near_ood,0.11264183673469386,2
2185,iid_val,0.0,0
2186,near_ood,0.04344102040816333,1
2187,near_ood,0.11778151020408179,2
2188,near_ood,0.3198519666666667,3
2189,near_ood,0.23623861224489795,4
2190,near_ood,0.06878839999999997,1
2191,near_ood,0.12864083333333332,1
2192,near_ood,0.19095302380952384,2
2193,near_ood,0.1588632408163267,3
2194,iid_val,0.0,0
2195,near_ood,0.14944873333333342,2
2196,near_ood,0.16420816326530618,1
2197,near_ood,0.0003328571428570237,1
2198,near_ood,0.04847070000000002,1
2199,train,0.0,0
2200,near_ood,0.01544000000000001,1
2201,near_ood,0.021522400000000053,1
2202,near_ood,0.08631066666666665,1
2203,near_ood,0.1377102040816327,1
2204,train,0.0,0
2205,near_ood,0.12283489795918368,2
2206,near_ood,0.23201786598639473,4
2207,near_ood,0.029577571428571314,2
2208,near_ood,0.15914921428571427,2
2209,near_ood,0.11509400000000003,1
2210,near_ood,0.1435639102040816,2
2211,near_ood,0.11167816326530622,1
2212,near_ood,0.10488747142857133,2
2213,near_ood,0.22724557551020397,3
2214,near_ood,0.031930666666666774,1
2215,iid_val,0.0,0
2216,near_ood,0.11779600000000001,1
2217,near_ood,0.20781167346938767,3
2218,near_ood,0.2489195537414967,5
2219,near_ood,0.008087833333333294,2
2220,near_ood,0.14797,1
2221,near_ood,0.435741431972789,3
2222,far_ood,0.5112595714285716,4
2223,near_ood,0.16496750000000002,1
2224,near_ood,0.15245666666666668,2
2225,near_ood,0.06397894217687072,2
2226,near_ood,0.15701296938775522,3
2227,train,0.0,0
2228,near_ood,0.03993740000000001,1
2229,near_ood,0.12869693877551025,1
2230,train,0.0,0
2231,near_ood,0.0682360408163265,2
2232,train,0.0,0
2233,near_ood,0.3980824523809524,3
2234,near_ood,0.18927542857142843,2
2235,train,0.0,0
2236,near_ood,0.12001816666666665,1
2237,near_ood,0.035999999999999976,1
2238,near_ood,0.1548886224489795,2
2239,near_ood,0.2456392210884354,4
2240,near_ood,0.0005963333333334209,1
2241,near_ood,0.2962654523809525,3
2242,near_ood,0.22327479251700677,3
2243,near_ood,0.21099492857142854,2
2244,near_ood,0.20797532993197265,4
2245,iid_val,0.0,0
2246,near_ood,0.20265290476190478,2
2247,near_ood,0.0646458333333334,1
2248,near_ood,0.46526151428571433,4
2249,near_ood,0.18198716666666662,2
2250,train,0.0,0
2251,near_ood,0.12368287074829942,2
2252,near_ood,0.11675325578231284,4
2253,near_ood,0.20442783333333325,2
2254,near_ood,0.28787043673469415,4
2255,near_ood,0.1752373333333333,2
2256,near_ood,0.3976842414965988,4
2257,near_ood,0.14982199999999996,2
2258,near_ood,0.05439133333333335,1
2259,train,0.0,0
2260,iid_val,0.0,0
2261,near_ood,0.23597657142857129,2
2262,train,0.0,0
2263,near_ood,0.24638485714285718,2
2264,near_ood,0.36492090408163264,3
2265,near_ood,0.08608499999999997,1
2266,near_ood,0.2063197789115645,3
2267,near_ood,0.19286638095238096,2
2268,near_ood,0.10358816666666681,1
2269,near_ood,0.17266553741496593,2
2270,near_ood,0.0837998333333333,1
2271,near_ood,0.3418348809523809,3
2272,near_ood,0.1697615523809524,3
2273,near_ood,0.14387785714285706,2
2274,near_ood,0.15602390476190475,3
2275,near_ood,0.3036942346938776,3
2276,near_ood,0.3124805238095239,3
2277,near_ood,0.11836330000000012,2
2278,near_ood,0.20308533809523802,3
2279,near_ood,0.012440285714285682,1
2280,near_ood,0.1268215918367347,2
2281,near_ood,0.11388223877551021,2
2282,train,0.0,0
2283,train,0.0,0
2284,near_ood,0.43860319251700697,4
2285,train,0.0,0
2286,near_ood,0.1407194857142857,2
2287,near_ood,0.16908376190476182,2
2288,train,0.0,0
2289,train,0.0,0
2290,near_ood,0.3761525850340135,4
2291,near_ood,0.2847623,2
2292,near_ood,0.12701345714285706,2
2293,near_ood,0.09702217687074827,2
2294,near_ood,0.41011106190476204,3
2295,near_ood,0.06614795918367344,1
2296,train,0.0,0
2297,near_ood,0.0841438571428571,1
2298,near_ood,0.16133979591836733,1
2299,train,0.0,0
2300,near_ood,0.35986101020408173,3
2301,near_ood,0.13645969999999993,2
2302,near_ood,0.1764406394557823,3
2303,near_ood,0.30350103333333334,3
2304,near_ood,0.3330448911564626,3
2305,train,0.0,0
2306,near_ood,0.03364857142857136,1
2307,near_ood,0.03544453333333347,2
2308,near_ood,0.06408249999999993,1
2309,near_ood,0.09047403333333326,2
2310,near_ood,0.09038410000000002,1
2311,near_ood,0.07663651836734693,3
2312,near_ood,0.3677269319727892,4
2313,near_ood,0.0741571666666665,2
2314,near_ood,0.2404511020408162,2
2315,train,0.0,0
2316,near_ood,0.11891563333333333,2
2317,near_ood,0.40287213333333327,3
2318,near_ood,0.12411466666666676,2
2319,near_ood,0.17051192176870733,3
2320,train,0.0,0
2321,near_ood,0.2315665918367348,3
2322,near_ood,0.30442840136054417,3
2323,near_ood,0.08361866666666662,1
2324,near_ood,0.44707225918367344,4
2325,near_ood,0.2691618809523809,3
2326,near_ood,0.3924131428571429,3
2327,near_ood,0.21258793333333334,2
2328,near_ood,0.07527488435374158,2
2329,iid_val,0.0,0
2330,near_ood,0.14372639999999992,2
2331,near_ood,0.29090330000000003,2
2332,near_ood,0.08922142857142856,1
2333,near_ood,0.15103775102040815,2
2334,near_ood,0.35377946666666676,3
2335,near_ood,0.22330507142857126,2
2336,near_ood,0.027429999999999954,1
2337,near_ood,0.36218622380952387,4
2338,near_ood,0.14522170000000004,1
2339,near_ood,0.07078224489795915,1
2340,near_ood,0.09575639999999996,1
2341,near_ood,0.15928876530612257,2
2342,near_ood,0.21424157142857142,3
2343,train,0.0,0
2344,near_ood,0.16118877551020416,1
2345,near_ood,0.3211138414965986,4
2346,near_ood,0.19511115646258514,2
2347,near_ood,0.09983733333333339,1
2348,near_ood,0.19788247619047605,2
2349,near_ood,0.24490764897959183,2
2350,near_ood,0.2271143333333333,2
2351,near_ood,0.20663494693877554,3
2352,near_ood,0.0817188571428572,1
2353,near_ood,0.11248899999999995,1
2354,near_ood,0.10040160000000001,1
2355,near_ood,0.12260250000000006,2
2356,near_ood,0.07017440476190484,2
2357,near_ood,0.22775033333333333,2
2358,near_ood,0.07247371428571414,1
2359,near_ood,0.13650486666666667,2
2360,near_ood,0.20264353333333332,2
2361,near_ood,0.024893714285714297,1
2362,near_ood,0.24487974285714287,3
2363,near_ood,0.37525806802721084,3
2364,far_ood,0.5333045469387755,5
2365,near_ood,0.12646866666666678,1
2366,near_ood,0.39448183401360554,4
2367,near_ood,0.27217936666666676,2
2368,near_ood,0.2155591326530612,2
2369,near_ood,0.09174633333333315,2
2370,near_ood,0.10327105374149662,3
2371,near_ood,0.1443187755102041,1
2372,near_ood,0.15241559523809511,2
2373,near_ood,0.29996385510204077,3
2374,near_ood,0.10139204081632658,1
2375,near_ood,0.0982222857142857,1
2376,near_ood,0.3255850238095238,3
2377,near_ood,0.08375042857142856,1
2378,near_ood,0.15136799999999995,1
2379,near_ood,0.2168351666666667,2
2380,near_ood,0.10899428571428571,1
2381,near_ood,0.19584619999999991,2
2382,train,0.0,0
2383,near_ood,0.12950530612244904,1
2384,near_ood,0.06554599999999994,1
2385,far_ood,0.6235232653061223,5
2386,near_ood,0.2176768285714285,2
2387,near_ood,0.21160278979591843,2
2388,near_ood,0.25456620204081626,2
2389,train,0.0,0
2390,near_ood,0.02504489999999997,1
2391,near_ood,0.16435885714285703,2
2392,near_ood,0.2706676,2
2393,train,0.0,0
2394,near_ood,0.10594433333333331,1
2395,near_ood,0.32340247619047613,3
2396,near_ood,0.11695570000000002,1
2397,near_ood,0.20638773333333332,2
2398,near_ood,0.3381784353741497,3
2399,near_ood,0.09419116666666671,2
2400,near_ood,0.3350673544217687,4
2401,near_ood,0.09441728571428576,1
2402,near_ood,0.08646661428571423,2
2403,near_ood,0.002122999999999986,2
2404,near_ood,0.30985979523809526,3
2405,train,0.0,0
2406,near_ood,0.352323237414966,4
2407,near_ood,0.07238299999999986,1
2408,near_ood,0.3811368428571428,3
2409,near_ood,0.40080336666666694,4
2410,near_ood,0.025792666666666686,1
2411,near_ood,0.25424901020408164,2
2412,near_ood,0.07137632653061221,1
2413,near_ood,0.12119910000000006,1
2414,near_ood,0.28010878979591836,2
2415,near_ood,0.2962163666666667,2
2416,near_ood,0.186384455782313,3
2417,near_ood,0.38521252312925175,4
2418,near_ood,0.35560460204081634,3
2419,near_ood,0.03718339999999998,1
2420,near_ood,0.035103918367346984,2
2421,near_ood,0.11082200000000009,1
2422,train,0.0,0
2423,train,0.0,0
2424,near_ood,0.18523333333333336,2
2425,near_ood,0.06333496666666663,2
2426,near_ood,0.04198569999999996,1
2427,near_ood,0.17027738095238087,2
2428,near_ood,0.20593514285714287,2
2429,near_ood,0.20991499999999996,2
2430,near_ood,0.3314550428571427,3
2431,near_ood,0.2250094285714287,2
2432,near_ood,0.16994761904761924,2
2433,near_ood,0.15178933333333333,2
2434,train,0.0,0
2435,near_ood,0.29322009727891163,3
2436,train,0.0,0
2437,train,0.0,0
2438,near_ood,0.37640456326530614,4
2439,near_ood,0.1901411428571429,2
2440,near_ood,0.08550299999999988,1
2441,near_ood,0.2882781224489796,3
2442,near_ood,0.11253486666666662,2
2443,near_ood,0.2664659523809523,2
2444,near_ood,0.21596028571428583,2
2445,train,0.0,0
2446,near_ood,0.10039399999999998,1
2447,near_ood,0.2252451918367347,2
2448,near_ood,0.2697401972789113,4
2449,near_ood,0.24622822040816328,3
2450,near_ood,0.054735999999999896,2
2451,near_ood,0.14840403877551028,2
2452,near_ood,0.3241763632653062,2
2453,train,0.0,0
2454,train,0.0,0
2455,near_ood,0.14053365306122456,2
2456,near_ood,0.12515314285714274,3
2457,near_ood,0.34361543809523803,3
2458,near_ood,0.19540747619047594,2
2459,near_ood,0.23927583333333352,3
2460,near_ood,0.14530106326530617,2
2461,train,0.0,0
2462,near_ood,0.15033326190476187,3
2463,near_ood,0.2042755571428571,2
2464,train,0.0,0
2465,near_ood,0.11194133333333328,1
2466,train,0.0,0
2467,near_ood,0.16330242857142852,1
2468,train,0.0,0
2469,near_ood,0.16770799999999997,2
2470,near_ood,0.12196333333333331,1
2471,near_ood,0.13427853061224476,3
2472,near_ood,0.12324078571428565,2
2473,near_ood,0.07943083333333345,2
2474,near_ood,0.05178779999999996,1
2475,near_ood,0.11410630000000002,1
2476,near_ood,0.18343738775510193,2
2477,near_ood,0.3669055,3
2478,near_ood,0.1358976666666667,1
2479,near_ood,0.05470040816326527,1
2480,near_ood,0.16511194285714287,2
2481,near_ood,0.16478233333333334,2
2482,near_ood,0.18670533333333328,2
2483,near_ood,0.2526259761904762,3
2484,train,0.0,0
2485,near_ood,0.0362920000000001,1
2486,near_ood,0.0308195,1
2487,near_ood,0.15267755102040825,1
2488,near_ood,0.087696,1
2489,near_ood,0.03754483333333336,1
2490,near_ood,0.04566102040816333,1
2491,near_ood,0.3216677857142859,3
2492,train,0.0,0
2493,near_ood,0.06267630000000005,1
2494,near_ood,0.4728568000000001,4
2495,near_ood,0.14040181632653065,2
2496,near_ood,0.08042685714285713,1
2497,near_ood,0.2951540238095237,2
2498,near_ood,0.1769154523809523,2
2499,train,0.0,0
2500,near_ood,0.1783507469387756,3
2501,near_ood,0.12708599999999992,2
2502,near_ood,0.18897116666666666,2
2503,near_ood,0.14066882857142865,3
2504,near_ood,0.15079357142857142,1
2505,train,0.0,0
2506,near_ood,0.2063703809523808,2
2507,near_ood,0.040686326530612216,1
2508,near_ood,0.22711760408163245,3
2509,iid_val,0.0,0
2510,near_ood,0.2675168435374151,2
2511,near_ood,0.1282848571428572,1
2512,near_ood,0.19227557142857138,2
2513,near_ood,0.018780285714285583,1
2514,near_ood,0.03530214285714284,1
2515,near_ood,0.1542603333333334,2
2516,near_ood,0.1097245714285714,1
2517,near_ood,0.29260637619047625,3
2518,near_ood,0.19541066530612244,2
2519,near_ood,0.043293333333333184,1
2520,near_ood,0.19289861904761918,2
2521,near_ood,0.2361637142857143,2
2522,near_ood,0.23589758163265312,2
2523,near_ood,0.39263724149659857,4
2524,near_ood,0.013356700000000022,1
2525,near_ood,0.00814316666666659,1
2526,near_ood,0.11470681292516999,3
2527,near_ood,0.14753141496598637,2
2528,near_ood,0.09877069387755111,2
2529,near_ood,0.28680300000000014,2
2530,near_ood,0.23593584285714272,2
2531,near_ood,0.16053249999999997,1
2532,near_ood,0.1969903013605443,3
2533,near_ood,0.2973361197278911,4
2534,near_ood,0.1449273333333333,1
2535,train,0.0,0
2536,iid_val,0.0,0
2537,near_ood,0.08484749999999996,1
2538,near_ood,0.12430471428571421,1
2539,near_ood,0.11318983333333332,1
2540,far_ood,0.5375001707482994,4
2541,near_ood,0.06816449999999985,2
2542,near_ood,0.27029310000000006,3
2543,near_ood,0.12482515714285713,2
2544,near_ood,0.1350337142857143,1
2545,near_ood,0.12473570000000003,1
2546,near_ood,0.13742399999999988,1
2547,near_ood,0.41518641428571434,5
2548,near_ood,0.3703575952380952,3
2549,near_ood,0.08670840000000005,1
2550,near_ood,0.1281504693877552,2
2551,near_ood,0.19785547619047628,2
2552,near_ood,0.2202649047619047,3
2553,near_ood,0.4229427857142857,3
2554,near_ood,0.01640933333333333,1
2555,near_ood,0.018015333333333272,1
2556,near_ood,0.12487466666666669,2
2557,near_ood,0.25680729251700685,2
2558,near_ood,0.32368152789115673,3
2559,near_ood,0.2079764000000001,2
2560,near_ood,0.15985709523809521,2
2561,near_ood,0.27282300340136045,3
2562,near_ood,0.15128693877551025,1
2563,train,0.0,0
2564,train,0.0,0
2565,near_ood,0.004671142857142763,1
2566,near_ood,0.18141793877551016,2
2567,iid_val,0.0,0
2568,near_ood,0.24197438299319726,3
2569,near_ood,0.29736888095238106,4
2570,near_ood,0.089892857142857,1
2571,near_ood,0.17861214285714277,2
2572,near_ood,0.16682671428571433,2
2573,near_ood,0.09941185714285716,2
2574,near_ood,0.14032900000000004,1
2575,near_ood,0.12104245238095235,2
2576,near_ood,0.23041029999999993,2
2577,train,0.0,0
2578,near_ood,0.18655771428571433,2
2579,near_ood,0.054449857142857105,1
2580,near_ood,0.15965953333333333,2
2581,near_ood,0.07898155102040827,2
2582,near_ood,0.11301510204081633,1
2583,near_ood,0.13386183673469387,1
2584,near_ood,0.27172966666666665,2
2585,near_ood,0.30796178571428573,3
2586,near_ood,0.07362114285714283,1
2587,near_ood,0.13418896666666685,3
2588,train,0.0,0
2589,near_ood,0.19082473333333339,3
2590,near_ood,0.1705145238095237,2
2591,near_ood,0.07087977551020408,2
2592,near_ood,0.14239499999999994,1
2593,near_ood,0.09372520000000004,1
2594,near_ood,0.048767333333333385,1
2595,near_ood,0.21663559047619044,3
2596,near_ood,0.021922666666666646,1
2597,near_ood,0.3279436476190476,4
2598,train,0.0,0
2599,train,0.0,0
2600,near_ood,0.01350671428571426,1
2601,near_ood,0.1029566666666667,1
2602,near_ood,0.0043880000000000585,1
2603,near_ood,0.12127428571428578,1
2604,near_ood,0.012236333333333294,1
2605,train,0.0,0
2606,near_ood,0.1776427000000001,2
2607,near_ood,0.15890923809523816,2
2608,near_ood,0.05881509999999999,1
2609,train,0.0,0
2610,near_ood,0.12331839999999997,1
2611,near_ood,0.12015133333333333,1
2612,near_ood,0.37176102040816333,3
2613,near_ood,0.04485224489795925,1
2614,near_ood,0.23571224489795917,2
2615,near_ood,0.024670408163265378,1
2616,near_ood,0.26346308707482996,4
2617,near_ood,0.07163028571428565,1
2618,near_ood,0.13682661904761895,2
2619,near_ood,0.33475721768707495,3
2620,near_ood,0.3290153986394559,3
2621,iid_val,0.0,0
2622,near_ood,0.30914866666666674,2
2623,near_ood,0.060753999999999975,1
2624,near_ood,0.11411336054421772,2
2625,iid_val,0.0,0
2626,near_ood,0.12242799999999998,1
2627,iid_val,0.0,0
2628,near_ood,0.13954890000000003,1
2629,near_ood,0.18434349999999994,2
2630,near_ood,0.03643133333333337,1
2631,near_ood,0.14767799999999998,1
2632,near_ood,0.0225751666666667,1
2633,near_ood,0.21436408095238096,3
2634,near_ood,0.08794314285714278,1
2635,far_ood,0.5627490034013604,4
2636,near_ood,0.2549028775510203,3
2637,near_ood,0.12628760000000003,1
2638,near_ood,0.12686632653061236,1
2639,near_ood,0.2962860700680271,3
2640,near_ood,0.22805131632653053,2
2641,near_ood,0.14525833333333327,2
2642,near_ood,0.14704761904761898,2
2643,near_ood,0.25429340476190476,2
2644,near_ood,0.13630133333333327,1
2645,near_ood,0.14340731428571435,2
2646,near_ood,0.24836125714285717,4
2647,near_ood,0.03367566666666677,1
2648,near_ood,0.2830492000000001,3
2649,near_ood,0.2608923843537414,3
2650,near_ood,0.4456114340136054,4
2651,near_ood,0.11210866666666652,1
2652,train,0.0,0
2653,near_ood,0.06550485714285703,1
2654,near_ood,0.29649547619047634,3
2655,near_ood,0.08080746666666679,2
2656,near_ood,0.15298433333333322,2
2657,near_ood,0.044396153061224464,2
2658,near_ood,0.17012981632653046,2
2659,near_ood,0.06114610000000004,1
2660,near_ood,0.1463113571428571,2
2661,near_ood,0.11867959183673482,1
2662,near_ood,0.14507061224489792,1
2663,near_ood,0.31824566666666654,2
2664,near_ood,0.42524948095238096,4
2665,near_ood,0.17276424285714292,2
2666,near_ood,0.20787711904761885,3
2667,near_ood,0.2177344353741496,3
2668,near_ood,0.37658855238095235,4
2669,train,0.0,0
2670,near_ood,0.2880547653061224,2
2671,near_ood,0.027258000000000004,1
2672,near_ood,0.28167070068027217,3
2673,near_ood,0.13526466666666664,1
2674,near_ood,0.298611319047619,3
2675,train,0.0,0
2676,near_ood,0.2788406925170067,3
2677,near_ood,0.18176134353741483,3
2678,iid_val,0.0,0
2679,train,0.0,0
2680,near_ood,0.03231733333333331,1
2681,near_ood,0.048806166666666706,1
2682,near_ood,0.3430801020408162,3
2683,near_ood,0.28296242176870745,2
2684,near_ood,0.1479490285714285,2
2685,near_ood,0.02099726190476192,2
2686,near_ood,0.15563542857142865,2
2687,near_ood,0.19365243333333335,2
2688,near_ood,0.4857553224489796,4
2689,train,0.0,0
2690,near_ood,0.18745460000000008,2
2691,near_ood,0.35815201360544224,3
2692,near_ood,0.21011561428571418,3
2693,near_ood,0.1889007142857143,2
2694,near_ood,0.10622145306122457,3
2695,near_ood,0.07567999999999997,1
2696,near_ood,0.0021084999999999576,1
2697,train,0.0,0
2698,near_ood,0.12436590204081627,3
2699,train,0.0,0
2700,near_ood,0.24990299999999988,2
2701,near_ood,0.4106255999999999,4
2702,near_ood,0.1768742061224492,3
2703,near_ood,0.1600332653061225,1
2704,near_ood,0.3630480340136053,3
2705,near_ood,0.013428999999999913,1
2706,near_ood,0.05417591836734692,1
2707,near_ood,0.15666137414965986,3
2708,near_ood,0.2837707891156463,2
2709,near_ood,0.060986666666666633,1
2710,near_ood,0.3321477789115649,3
2711,near_ood,0.31455132857142865,3
2712,near_ood,0.09995399999999999,1
2713,near_ood,0.21475049999999996,2
2714,train,0.0,0
2715,near_ood,0.3007844965986393,3
2716,near_ood,0.09512199999999993,2
2717,near_ood,0.1513452,1
2718,near_ood,0.21963895238095243,2
2719,near_ood,0.08543500000000004,1
2720,near_ood,0.16442204081632655,1
2721,near_ood,0.06614823809523795,2
2722,near_ood,0.251602,3
2723,near_ood,0.2148101870748299,2
2724,near_ood,0.16321398639455753,3
2725,near_ood,0.056745666666666694,1
2726,near_ood,0.26626114965986386,3
2727,near_ood,0.134992,1
2728,near_ood,0.19026706122448983,3
2729,near_ood,0.42545098095238115,3
2730,near_ood,0.28074567346938784,3
2731,near_ood,0.013464285714285706,1
2732,near_ood,0.0686741428571428,1
2733,near_ood,0.1024989999999999,1
2734,near_ood,0.057582299999999975,1
2735,near_ood,0.25666250476190466,3
2736,train,0.0,0
2737,near_ood,0.14594499999999988,1
2738,near_ood,0.14525871428571435,1
2739,near_ood,0.06643999999999994,1
2740,train,0.0,0
2741,near_ood,0.19776063265306143,4
2742,near_ood,0.1888847142857143,3
2743,near_ood,0.1624056530612244,3
2744,near_ood,0.4373020999999999,3
2745,near_ood,0.06533008163265303,2
2746,train,0.0,0
2747,near_ood,0.22377646666666665,2
2748,near_ood,0.3169208571428571,2
2749,near_ood,0.11529342857142855,1
2750,near_ood,0.2390014047619046,3
2751,near_ood,0.21854992857142863,2
2752,near_ood,0.04455419999999999,1
2753,iid_val,0.0,0
2754,near_ood,0.1350073333333333,1
2755,near_ood,0.231328406122449,2
2756,near_ood,0.17551260204081637,2
2757,near_ood,0.2526509823129252,3
2758,iid_val,0.0,0
2759,near_ood,0.27158257142857156,2
2760,near_ood,0.21200791156462595,2
2761,near_ood,0.13740518367346954,2
2762,near_ood,0.16687040816326526,1
2763,near_ood,0.22160683877551013,3
2764,near_ood,0.2819695,2
2765,near_ood,0.1783771938775509,3
2766,near_ood,0.10961122448979593,1
2767,near_ood,0.27600564285714285,3
2768,near_ood,0.027793571428571417,1
2769,near_ood,0.1172332857142856,1
2770,near_ood,0.029362999999999972,1
2771,near_ood,0.2162417102040816,2
2772,near_ood,0.17556763333333333,2
2773,near_ood,0.1925127333333333,2
2774,near_ood,0.10152110000000003,1
2775,near_ood,0.1471293000000001,2
2776,near_ood,0.10426019999999996,1
2777,near_ood,0.397169319727891,4
2778,near_ood,0.20875133877551033,3
2779,near_ood,0.08818228571428566,2
2780,near_ood,0.07783290000000002,1
2781,near_ood,0.3771462979591837,4
2782,near_ood,0.032956833333333435,1
2783,near_ood,0.2521231156462584,3
2784,near_ood,0.12049519727891178,2
2785,near_ood,0.14481753333333336,2
2786,near_ood,0.01239857142857137,1
2787,near_ood,0.21870348979591825,2
2788,near_ood,0.19543590476190464,3
2789,near_ood,0.22799936734693865,3
2790,train,0.0,0
2791,near_ood,0.3940751897959185,5
2792,near_ood,0.11146283333333329,1
2793,near_ood,0.013168857142857093,1
2794,near_ood,0.07603530612244896,1
2795,near_ood,0.0031845333333333503,1
2796,iid_val,0.0,0
2797,near_ood,0.09366849999999993,2
2798,near_ood,0.17754002380952388,3
2799,near_ood,0.12617530612244898,1
2800,near_ood,0.05764671428571433,1
2801,near_ood,0.03929979591836735,1
2802,near_ood,0.12755152380952395,2
2803,train,0.0,0
2804,train,0.0,0
2805,train,0.0,0
2806,iid_val,0.0,0
2807,near_ood,0.03080299999999996,1
2808,near_ood,0.16049739999999998,1
2809,near_ood,0.3527947421768708,4
2810,near_ood,0.13728271428571415,1
2811,near_ood,0.08596306122448982,1
2812,near_ood,0.3133990476190477,2
2813,near_ood,0.4550572959183673,4
2814,near_ood,0.1977676530612245,3
2815,near_ood,0.03716795918367344,1
2816,near_ood,0.1595554,1
2817,near_ood,0.19011999999999984,2
2818,near_ood,0.04519620000000002,1
2819,train,0.0,0
2820,near_ood,0.10036385714285712,1
2821,near_ood,0.18758466666666668,2
2822,near_ood,0.2338091782312926,4
2823,near_ood,0.12705742857142854,1
2824,near_ood,0.12637850000000003,1
2825,near_ood,0.18123257142857163,3
2826,near_ood,0.23082120408163265,2
2827,near_ood,0.10967134693877534,2
2828,near_ood,0.057048163265306095,1
2829,iid_val,0.0,0
2830,near_ood,0.06968271428571415,1
2831,near_ood,0.09971414285714286,1
2832,near_ood,0.1256531428571428,2
2833,near_ood,0.08154632653061233,1
2834,near_ood,0.09749699999999994,2
2835,near_ood,0.01835814285714288,1
2836,near_ood,0.2491469217687075,4
2837,near_ood,0.12157263265306101,2
2838,near_ood,0.12445627210884336,3
2839,near_ood,0.1909617877551021,2
2840,train,0.0,0
2841,near_ood,0.40668558503401353,3
2842,near_ood,0.1375869428571428,2
2843,near_ood,0.3025010408163266,3
2844,near_ood,0.1637910204081633,1
2845,near_ood,0.21960942857142857,2
2846,near_ood,0.1714891666666667,2
2847,near_ood,0.062208285714285716,1
2848,near_ood,0.19342133333333322,2
2849,train,0.0,0
2850,near_ood,0.18792493333333352,3
2851,iid_val,0.0,0
2852,near_ood,0.2370334761904762,2
2853,near_ood,0.29580727210884383,3
2854,near_ood,0.16213419047619038,3
2855,near_ood,0.1208689047619047,3
2856,near_ood,0.13336809523809523,3
2857,near_ood,0.08885238095238102,2
2858,near_ood,0.2106562761904763,3
2859,near_ood,0.24009763265306128,2
2860,near_ood,0.14860557142857134,2
2861,near_ood,0.16988253333333336,2
2862,near_ood,0.1422974081632653,2
2863,near_ood,0.10456933333333329,1
2864,near_ood,0.025609333333333373,1
2865,near_ood,0.09206130000000004,1
2866,near_ood,0.15692063265306133,2
2867,near_ood,0.16284842857142856,1
2868,near_ood,0.17382023333333335,2
2869,near_ood,0.14227666666666666,1
2870,near_ood,0.11894970000000005,1
2871,near_ood,0.17603331972789127,2
2872,near_ood,0.12223709523809517,2
2873,near_ood,0.10326650000000004,1
2874,train,0.0,0
2875,near_ood,0.11734256666666655,3
2876,near_ood,0.24044889999999988,2
2877,near_ood,0.10091145578231292,3
2878,near_ood,0.14623466666666662,2
2879,near_ood,0.245171757142857,2
2880,train,0.0,0
2881,near_ood,0.14099551020408163,1
2882,near_ood,0.15500124353741496,3
2883,near_ood,0.06998918367346951,1
2884,near_ood,0.1113986666666667,1
2885,near_ood,0.19233376190476179,4
2886,near_ood,0.4916446156462584,4
2887,near_ood,0.21430979591836735,2
2888,near_ood,0.09615950000000004,1
2889,near_ood,0.24987439999999994,2
2890,near_ood,0.048297800000000016,1
2891,near_ood,0.16370566666666664,2
2892,near_ood,0.28048117346938767,4
2893,near_ood,0.15555883333333342,2
2894,near_ood,0.24666353333333335,2
2895,near_ood,0.22397454761904756,2
2896,near_ood,0.3241432210884354,3
2897,near_ood,0.138054,1
2898,near_ood,0.1473674285714286,1
2899,train,0.0,0
2900,near_ood,0.1934794999999998,2
2901,near_ood,0.15464336666666664,2
2902,near_ood,0.1227811904761904,2
2903,near_ood,0.2847399931972789,3
2904,near_ood,0.06584690000000004,1
2905,near_ood,0.16344919047619044,2
2906,near_ood,0.08203483333333333,2
2907,near_ood,0.13556890000000002,1
2908,train,0.0,0
2909,near_ood,0.1472054333333333,2
2910,near_ood,0.379254223809524,3
2911,near_ood,0.150204,1
2912,near_ood,0.15238119047619042,2
2913,near_ood,0.31145820000000013,3
2914,near_ood,0.30395430952380953,3
2915,near_ood,0.167461738095238,3
2916,iid_val,0.0,0
2917,iid_val,0.0,0
2918,near_ood,0.21818928571428564,2
2919,near_ood,0.04263612244897974,1
2920,near_ood,0.0030692857142856633,1
2921,train,0.0,0
2922,near_ood,0.15089169047619044,2
2923,near_ood,0.19564341224489798,2
2924,near_ood,0.22994297278911568,3
2925,near_ood,0.36834442176870746,3
2926,near_ood,0.2061278714285713,3
2927,near_ood,0.3095511761904761,4
2928,near_ood,0.1497170346938776,2
2929,near_ood,0.1362683979591836,2
2930,near_ood,0.1722819081632653,2
2931,near_ood,0.018591333333333404,1
2932,train,0.0,0
2933,near_ood,0.20035766666666677,2
2934,near_ood,0.07646399999999998,1
2935,near_ood,0.1179431428571428,1
2936,near_ood,0.07627014285714284,1
2937,near_ood,0.16875276666666666,2
2938,train,0.0,0
2939,near_ood,0.19479895238095246,2
2940,near_ood,0.14053918367346935,1
2941,near_ood,0.2337073333333335,2
2942,train,0.0,0
2943,near_ood,0.2531757265306122,3
2944,train,0.0,0
2945,near_ood,0.37953357414965977,4
2946,near_ood,0.14931385714285705,1
2947,near_ood,0.12581706122448977,2
2948,near_ood,0.18582579999999985,2
2949,near_ood,0.16965337074829934,2
2950,near_ood,0.10295630000000007,2
2951,near_ood,0.2518705,2
2952,iid_val,0.0,0
2953,train,0.0,0
2954,near_ood,0.17425864285714276,2
2955,near_ood,0.2073840612244897,2
2956,near_ood,0.057049333333333285,1
2957,near_ood,0.1709805000000001,2
2958,near_ood,0.021537755102040812,1
2959,near_ood,0.19219936054421782,2
2960,near_ood,0.2821181666666666,2
2961,near_ood,0.3207798707482992,2
2962,near_ood,0.03393571428571429,1
2963,near_ood,0.12084885714285709,1
2964,near_ood,0.2984731619047617,3
2965,near_ood,0.043028899999999946,2
2966,near_ood,0.005879999999999885,1
2967,near_ood,0.17410981836734696,3
2968,near_ood,0.13963599999999998,1
2969,near_ood,0.13088866666666665,1
2970,near_ood,0.2637444999999998,2
2971,near_ood,0.14580428571428572,2
2972,near_ood,0.1520330034013605,2
2973,near_ood,0.13615599999999994,1
2974,train,0.0,0
2975,near_ood,0.1994974285714285,2
2976,iid_val,0.0,0
2977,near_ood,0.2803166394557822,3
2978,near_ood,0.19491645238095223,2
2979,near_ood,0.11225766666666681,2
2980,near_ood,0.10918918367346953,1
2981,near_ood,0.23556314285714297,2
2982,near_ood,0.01280500000000001,1
2983,near_ood,0.018270816326530603,1
2984,near_ood,0.005820204081632641,1
2985,near_ood,0.08570057142857135,1
2986,near_ood,0.16853498571428582,2
2987,near_ood,0.09583799999999998,1
2988,near_ood,0.36765133673469397,3
2989,near_ood,0.21174815646258502,4
2990,near_ood,0.07488000000000006,1
2991,near_ood,0.40450049999999993,3
2992,near_ood,0.19296071428571432,2
2993,near_ood,0.000726300000000002,1
2994,near_ood,0.0937472,1
2995,train,0.0,0
2996,near_ood,0.14630733333333334,1
2997,near_ood,0.05811866666666676,1
2998,near_ood,0.16667346938775507,1
2999,near_ood,0.18373043333333328,3
